is	VBZ
a	DT
drop	NN
in	IN
replacement	NN
for	CC
Python	NNP
:	:
mod	JJ
:	:

The	DT
start	NN
method	NN
can	MD
be	VB
set	VBN
via	IN
either	DT
creating	VBG
a	DT
context	NN
with	IN

There	EX
are	VBP
a	DT
lot	NN
of	IN
things	NNS
that	DT
can	MD
go	VB
wrong	JJ
when	WRB
a	DT
new	JJ
process	NN
is	VBZ
spawned	VBN
,	,
with	IN
the	DT
most	JJS
common	JJ
cause	NN
of	IN
deadlocks	NNS
being	NN
background	JJ
threads	NNS
.	.

,	,
it	PRP
has	VBZ
to	TO
be	VB
moved	VBN
into	IN
shared	JJ
memory	NN
.	.

for	CC
passing	NN
all	DT
kinds	NNS
of	IN
PyTorch	NNP
objects	NNS
between	IN
processes	NNS
.	.

This	DT
is	VBZ
especially	RB
common	JJ
for	CC
components	NNS
like	IN

,	,
the	DT
passed	JJ
elements	NNS
appear	VB
in	IN
the	DT
final	JJ
output	NN
.	.

This	DT
approach	NN
may	MD
remind	VB
you	PRP
of	IN
"	"
slots	NNS
"	"
in	IN
other	JJ
libraries	NNS
but	CC
there	EX
are	VBP
no	DT
limitations	NNS
on	IN
what	WP
you	PRP
can	MD
pass	VB
as	IN
props	NNS
in	IN
React	NNP
.	.

In	IN
React	NNP
,	,
this	DT
is	VBZ
also	RB
achieved	VBN
by	IN
composition	NN
,	,
where	WRB
a	DT
more	RBR
"	"
specific	JJ
"	"
component	JJ
renders	NNS
a	DT
more	RBR
"	"
generic	JJ
"	"
one	CD
and	CC
configures	VBZ
it	PRP
with	IN
props	NNS
:	:

Remember	VB
that	DT
components	NNS
may	MD
accept	VB
arbitrary	JJ
props	NNS
,	,
including	VBG
primitive	JJ
values	NNS
,	,
React	NNP
elements	NNS
,	,
or	CC
functions	NNS
.	.

in	IN
which	WP
the	DT
data	NN
comes	NN
with	IN
additional	JJ
attributes	NNS
that	DT
we	PRP
want	VBP
to	TO
predict	VB

be	VB
handwritten	JJ
digit	NN
recognition	NN
,	,
in	IN
which	WP
the	DT
aim	NN
is	VBZ

if	IN
the	DT
desired	JJ
output	NN
consists	VBZ
of	IN
one	CD
or	CC
more	RBR

or	CC
to	TO
determine	VB
the	DT
distribution	NN
of	IN
data	NN
within	IN
the	DT
input	JJ
space	NN
,	,
known	NN
as	IN

In	IN
the	DT
following	IN
,	,
we	PRP
start	VBP
a	DT
Python	NNP
interpreter	NN
from	IN
our	PRP$
shell	JJ
and	CC
then	JJ
load	NN
the	DT

This	DT
data	NN
is	VBZ
stored	VBN
in	IN
the	DT

For	NNP
instance	NN
,	,
in	IN
the	DT
case	NN
of	IN
the	DT
digits	NNS
dataset	NN
,	,

topic	NN
:	:
:	:
Loading	JJ
from	IN
external	JJ
datasets	NNS

For	NNP
now	CC
,	,
we	PRP
will	MD
consider	VB
the	DT
estimator	NN
as	IN
a	DT
black	JJ
box	NN
:	:
:	:

This	DT
is	VBZ
done	VBN
by	IN
passing	VBG
our	PRP$
training	NN
set	NN
to	TO
the	DT

As	IN
you	PRP
can	MD
see	VB
,	,
it	PRP
is	VBZ
a	DT
challenging	JJ
task	NN
:	:
after	IN
all	RB
,	,
the	DT
images	NNS
are	VBP
of	IN
poor	JJ
resolution	NN
.	.

more	JJR
than	IN
once	CC
will	MD
overwrite	VB
what	WP
was	VBD
learned	VBN
by	IN
any	DT
previous	JJ

to	TO
refit	VB
the	DT
estimator	NN
and	CC
to	TO
make	VB
a	DT
second	JJ
prediction	NN
.	.

to	TO
access	VB
your	PRP$
data	NN
.	.

A	DT
clean	JJ
,	,
elegant	JJ
URL	NNP
scheme	NN
is	VBZ
an	DT
important	JJ
detail	NN
in	IN
a	DT
high-quality	JJ
web	NN
application	NN
.	.

This	DT
is	VBZ
blazingly	RB
fast	JJ
,	,
because	IN
the	DT
paths	NNS
are	VBP
compiled	VBN
into	IN
regular	JJ
expressions	NNS
at	IN
load	NN
time	JJ
.	.

Generally	RB
,	,
a	DT
view	NN
retrieves	VBZ
data	NN
according	IN
to	TO
the	DT
parameters	NNS
,	,
loads	VBZ
a	DT
template	NN
and	CC
renders	VBZ
the	DT
template	NN
with	IN
the	DT
retrieved	JJ
data	NN
.	.

Here	NNP
what	WP
that	DT
might	MD
look	VB
like	IN
:	:

,	,
which	WDT
run	NN
custom	JJ
Python	NNP
code	NN
behind	IN
the	DT
scenes	NNS
.	.

While	IN
Django	NNP
template	NN
system	NN
is	VBZ
particularly	RB
well-integrated	JJ
with	IN
Django	NNP
model	JJ
layer	NN
,	,
nothing	RB
forces	NNS
you	PRP
to	TO
use	VB
it	PRP
.	.

create	VB
RSS	NN
and	CC
Atom	NNP
feeds	NNS
by	IN
writing	VBG
a	DT
small	JJ
Python	NNP
class	JJ
.	.

Putting	NN
too	RB
much	DT
logic	NN
in	IN
your	PRP$
templates	NNS
can	MD
make	VB
them	PRP
bloated	JJ
and	CC
hard	JJ
to	TO
maintain	VB
.	.

At	IN
this	DT
point	NN
,	,
the	DT
template	NN
is	VBZ
getting	VBG
a	DT
bit	NN
cluttered	JJ
.	.

Here	NNP
we	PRP
have	VB
declared	VBN
a	DT
computed	VBD
property	NN

,	,
so	CC
it	PRP
will	MD
update	VB
any	DT
bindings	NNS
that	DT
depend	VB
on	IN

A	DT
computed	VBD
property	NN
automatically	RB
tracks	NNS
its	PRP$
reactive	JJ
dependencies	NNS
.	.

Instead	IN
of	IN
a	DT
computed	VBD
property	NN
,	,
we	PRP
can	MD
define	VB
the	DT
same	JJ
function	NN
as	IN
a	DT
method	NN
.	.

will	MD
immediately	CC
return	JJ
the	DT
previously	RB
computed	VBD
result	NN
without	IN
having	NN
to	TO
run	VB
the	DT
getter	NN
function	NN
again	RB
.	.

Imagine	VB
we	PRP
have	VB
an	DT
expensive	JJ
computed	VBD
property	NN

In	IN
cases	NNS
where	WRB
you	PRP
do	VBP
not	RB
want	VB
caching	VBG
,	,
use	NN
a	DT
method	NN
call	NN
instead	JJ
.	.

,	,
the	DT
setter	NN
will	MD
be	VB
invoked	VBN
and	CC

will	MD
be	VB
updated	VBN
accordingly	RB
.	.

Avoid	VB
mutating	VBG
computed	VBD
value	NN

This	DT
guide	NN
assumes	VBZ
the	DT
environment	NN
is	VBZ
configured	VBN
as	IN
described	VBD
below	IN
.	.

Repeat	NN
these	DT
steps	NNS
on	IN

If	IN
you	PRP
are	VBP
a	DT
Python	NNP
expert	JJ
,	,
and	CC
you	PRP
already	JJ
know	VB
everything	NN
about	IN
type	NN
hints	NNS
,	,
skip	NN
to	TO
the	DT
next	JJ
chapter	NN
.	.

them	PRP
with	IN
a	DT
space	NN
in	IN
the	DT
middle	NN
.	.

Then	JJ
,	,
you	PRP
try	VBP
with	IN
the	DT
old	JJ
programmer	NN
friend	NN
,	,
editor	NN
autocompletion	NN
.	.

We	PRP
will	MD
change	VB
exactly	RB
this	DT
fragment	NN
,	,
the	DT
parameters	NNS
of	IN
the	DT
function	NN
,	,
from	IN
:	:

At	IN
the	DT
same	JJ
point	NN
,	,
you	PRP
try	VBP
to	TO
trigger	VB
the	DT
autocomplete	NN
with	IN

to	TO
a	DT
string	NN
with	IN

Generic	JJ
types	NNS
with	IN
type	NN
parameters	NNS

It	PRP
exists	VBZ
specifically	RB
to	TO
support	VB
these	DT
type	NN
hints	NNS
.	.

That	DT
means	NN
:	:
"	"
the	DT
variable	JJ

is	VBZ
one	CD
of	IN
the	DT
elements	NNS
in	IN
the	DT
list	NN

with	IN
3	CD
items	NNS
,	,
an	DT

The	DT
second	JJ
type	NN
parameter	NN
is	VBZ
for	CC
the	DT
values	NNS
of	IN
the	DT

to	TO
declare	VB
that	DT
a	DT
variable	NN
has	VBZ
a	DT
type	NN
,	,
like	IN

These	DT
types	NNS
that	DT
take	VBP
type	NN
parameters	NNS
in	IN
square	VBP
brackets	NNS
,	,
like	IN
:	:

And	CC
then	JJ
,	,
again	RB
,	,
you	PRP
get	VBP
all	PDT
the	DT
editor	NN
support	NN
:	:

And	CC
you	PRP
get	NN
all	PDT
the	DT
editor	NN
support	NN
with	IN
that	DT
resulting	JJ
object	NN
.	.

This	DT
might	MD
all	DT
sound	JJ
abstract	NN
.	.

Tests	NNS
should	MD
exit	VB
with	IN
code	NN

In	IN
this	DT
case	NN
,	,
the	DT
test	JJ
runner	NN
will	MD
terminate	VB
the	DT
test	NN
because	IN

When	WRB
deciding	VBG
on	IN
whether	CC
to	TO
expand	VB
an	DT
existing	JJ
test	JJ
file	NN
or	CC
create	VB
a	DT
new	JJ
one	CD
,	,
consider	VB
going	NN
through	IN
the	DT
files	NNS
related	JJ
to	TO
the	DT
subsystem	NN
.	.

All	DT
tests	NNS
should	MD
be	VB
in	IN
strict	JJ
mode	NN
unless	IN
the	DT
nature	NN
of	IN
the	DT
test	NN
requires	VBZ
that	DT
the	DT
test	JJ
run	NN
without	IN
it	PRP
.	.

Even	RB
if	IN
a	DT
test	NN
uses	VBZ
no	DT
functions	NNS
or	CC
other	JJ
properties	NNS
exported	VBD
by	IN

module	NN
includes	VBZ
code	NN
that	DT
will	MD
cause	VB
a	DT
test	NN
to	TO
fail	NN
if	IN
the	DT
test	JJ
leaks	VBZ
variables	NNS
into	IN
the	DT
global	JJ
space	NN
.	.

The	DT
test	NN
checks	VBZ
functionality	NN
in	IN
the	DT

This	DT
is	VBZ
the	DT
body	NN
of	IN
the	DT
test	NN
.	.

instead	IN
of	IN
an	DT
arbitrary	JJ
value	NN
,	,
as	IN
it	PRP
allows	VBZ
tests	NNS
to	TO
run	NN
in	IN
parallel	JJ
safely	RB
,	,

works	NNS
as	IN
expected	JJ
,	,
then	JJ
it	PRP
is	VBZ
ok	JJ
to	TO
assign	VB
a	DT
specific	JJ
port	JJ
number	NN
.	.

status	NN
code	NN
of	IN
0	CD
.	.

For	NNP
a	DT
thorough	JJ
explanation	NN
go	NN

Make	NN
use	NN
of	IN
the	DT
helpers	NNS
from	IN
the	DT

One	CD
interesting	JJ
case	NN
is	VBZ

It	PRP
is	VBZ
not	RB
a	DT
good	JJ
idea	NN
to	TO
simply	RB
pass	JJ

comment	NN
in	IN
the	DT
preamble	NN
of	IN
the	DT
test	NN
followed	VBD
by	IN
the	DT
flags	NNS
.	.

In	IN
specific	JJ
scenarios	NNS
it	PRP
may	MD
be	VB
useful	JJ
to	TO
get	VB
a	DT
hold	NN
of	IN

When	WRB
writing	NN
assertions	NNS
,	,
prefer	VB
the	DT
strict	JJ
versions	NNS
:	:

Some	DT
output	NN
can	MD
help	VB
debugging	VBG
by	IN
giving	VBG
context	NN
to	TO
test	JJ
failures	NNS
.	.

Excessive	JJ
use	NN
of	IN
console	NN
output	NN
is	VBZ
discouraged	VBN
as	IN
it	PRP
can	MD
overwhelm	VB
the	DT
display	NN
,	,
including	VBG
the	DT
Jenkins	NNP
console	NN
and	CC
test	JJ
report	NN
displays	NNS
.	.

For	NNP
performance	NN
considerations	NNS
,	,
we	PRP
only	JJ
use	NN
a	DT
selected	JJ
subset	NN
of	IN
ES	NNP
.	.
Next	DT
features	NNS
in	IN
JavaScript	NNP
code	NN
in	IN
the	DT

Test	JJ
files	NNS
are	VBP
named	VBN
using	VBG
kebab	NN
casing	NN
.	.

Subsequent	JJ
components	NNS
of	IN
the	DT
name	NN
add	VB
more	JJR
information	NN
about	IN
what	WP
is	VBZ
being	VBG
tested	VBN
.	.

event	NN
,	,
then	JJ
it	PRP
might	MD
be	VB
named	VBN

followed	VBD
by	IN
the	DT
name	NN
of	IN
unit	JJ
being	NN
tested	VBN
.	.

target	NN
and	CC
this	DT
can	MD
be	VB
done	VBN
by	IN
adding	VBG
them	PRP
to	TO
the	DT

It	PRP
will	MD
depend	VB
on	IN
what	WP
is	VBZ
being	VBG
tested	VBN
if	IN
this	DT
is	VBZ
required	VBN
or	CC
not	RB
.	.

I	PRP
want	VBP
to	TO
start	NN
using	VBG
pandas	NNS

is	VBZ
assumed	VBN
standard	JJ
practice	NN
for	CC
all	DT
of	IN
the	DT
pandas	NNS
documentation	NN
.	.

To	TO
select	VB
the	DT
column	NN
,	,
use	NN
the	DT
column	NN
label	NN
in	IN
between	IN
square	JJ
brackets	NNS

You	PRP
can	MD
create	VB
a	DT

not	RB
use	NN
this	DT
file	NN
except	IN
in	IN
compliance	NN
with	IN
the	DT
License	NN
.	.

Other	NNP
Linux	NNP
systems	NNS
may	MD
present	VB
these	DT
interfaces	NNS
as	IN

Create	VB
a	DT
mirrored	JJ
configuration	NN
on	IN

,	,
this	DT
time	NN
using	VBG
the	DT
IP	NN
address	NN
for	CC

the	DT
use	NN
of	IN
additional	JJ
IP	NN
routes	NNS
or	CC
IP	NN
routing	NN
rules	NNS
.	.

to	TO
better	NN
fit	JJ
your	PRP$
needs	NNS
.	.

Detailed	JJ
Explanation	NN
of	IN
a	DT
Simple	JJ
Module	NN
Bundler	NN

folder	NN
for	CC
any	DT
other	JJ
generated	VBD
file	NN
.	.

properties	NNS
to	TO
tell	VB
webpack	NNP
the	DT
name	NN
of	IN
our	PRP$
bundle	NN
and	CC
where	WRB
we	PRP
want	VBP
it	PRP
to	TO
be	VB
emitted	VBN
to	TO
.	.

read	NN
more	RBR
in	IN
the	DT
output	NN
section	NN

property	NN
identifies	VBZ
which	WDT
file	NN
or	CC
files	NNS
should	MD
be	VB
transformed	VBN
.	.

This	DT
tells	VBZ
webpack	NNP
compiler	NN
the	DT
following	NN
:	:

You	PRP
can	MD
check	VB
further	JJR
customization	NN
when	WRB
including	VBG
loaders	NNS
in	IN
the	DT

it	PRP
and	CC
add	VB
it	PRP
to	TO
the	DT

generates	VBZ
an	DT
HTML	NNP
file	NN
for	CC
your	PRP$
application	NN
and	CC
automatically	RB
injects	VBZ
all	PDT
your	PRP$
generated	VBD
bundles	NNS
into	IN
this	DT
file	NN
.	.

,	,
you	PRP
can	MD
enable	VB
webpack	NNP
built-in	JJ
optimizations	NNS
that	DT
correspond	VB
to	TO
each	DT
environment	NN
.	.

Webpack	NNP
supports	NNS
all	DT
browsers	NNS
that	DT
are	VBP

there	EX
is	VBZ
no	DT
"	"
spooky	JJ
action	NN
at	IN
a	DT
distance	NN
"	"
.	.

When	WRB
threads	NNS
are	VBP
added	VBN
as	IN
a	DT
feature	NN
:	:
unicorn	NN
:	:

may	MD
vary	VB
between	IN
platforms	NNS
.	.

Note	NN
that	DT
this	DT
stack	NN

Based	VBD
on	IN
open	JJ
standards	NNS

Designed	JJ
around	IN
these	DT
standards	NNS
,	,
after	IN
a	DT
meticulous	JJ
study	NN
.	.

Alternative	JJ
API	NNP
documentation	NN
with	IN

That	DT
can	MD
then	JJ
be	VB
used	VBN
like	IN
:	:

You	PRP
will	MD
rarely	RB
need	VB
to	TO
come	VB
back	JJ
to	TO
the	DT
docs	NNS
.	.

No	DT
more	JJR
typing	NN
the	DT
wrong	JJ
key	JJ
names	NNS
,	,
coming	JJ
back	JJ
and	CC
forth	RP
between	IN
docs	NNS
,	,
or	CC
scrolling	VBG
up	IN
and	CC
down	IN
to	TO
find	NN
if	IN
you	PRP
finally	RB
used	JJ

Without	IN
any	DT
compromise	NN
with	IN
databases	NNS
or	CC
data	NN
models	NNS
.	.

Used	JJ
in	IN
production	NN
applications	NNS
.	.

There	EX
are	VBP
6	CD
general	JJ
mechanisms	NNS
for	CC
creating	VBG
arrays	NNS
:	:

a	DT
list	NN
of	IN
lists	NNS
will	MD
create	VB
a	DT
2D	SYM
array	NN
,	,

assignments	NNS
,	,
you	PRP
can	MD
get	VB
unwanted	JJ
overflow	NN
,	,
as	IN
such	DT

,	,
you	PRP
can	MD
get	VB
unwanted	JJ
results	NNS
,	,
for	CC
example	NN
:	:
:	:

,	,
NumPy	NNP
will	MD
assign	VB
a	DT
new	JJ
type	NN
that	DT
satisfies	VBZ
all	DT
of	IN
the	DT
array	NN
elements	NNS
involved	JJ
in	IN
the	DT
computation	NN
,	,
here	RB

generally	RB
need	MD
at	IN
least	NN
two	CD
inputs	NNS
,	,

is	VBZ
to	TO
use	VB
integer	NN
start	NN
,	,
end	NN
,	,
and	CC
step	NN
values	NNS
.	.

to	TO
accommodate	VB
the	DT
step	NN
size	NN
of	IN

The	DT
advantage	NN
of	IN
this	DT
creation	NN
function	NN
is	VBZ
that	DT
you	PRP
guarantee	NN
the	DT
number	NN
of	IN
elements	NNS
and	CC
the	DT
starting	JJ
and	CC
end	NN
point	NN
.	.

The	DT
two	CD
array	NN
creation	NN
functions	NNS
can	MD
be	VB
helpful	JJ
while	IN
doing	NN
linear	JJ
algebra	NN
,	,
as	IN
such	DT
:	:
:	:

will	MD
create	VB
an	DT
array	NN
filled	VBD
with	IN
0	CD
values	NNS
with	IN
the	DT
specified	VBD
shape	NN
.	.

method	NN
of	IN
the	DT
result	NN
of	IN

the	DT
array	NN
,	,
otherwise	CC
the	DT
variable	NN
is	VBZ
a	DT
view	NN
into	IN
the	DT
original	JJ
array	NN
.	.

that	DT
viewed	VBD
the	DT
first	JJ
2	CD
elements	NNS
of	IN

For	NNP
more	JJR
information	NN
and	CC
examples	NNS
look	VBP
at	IN
:	:
ref	NN
:	:

This	DT
section	NN
gives	NNS
general	JJ
pointers	NNS
on	IN
how	WRB
to	TO
handle	NN
various	JJ
formats	NNS
.	.

More	NNP
generic	JJ
ASCII	NNP
files	NNS
can	MD
be	VB
read	VBN
using	VBG

Webpack	NNP
is	VBZ
used	VBN
to	TO
compile	VB
JavaScript	NNP
modules	NNS
.	.

Throughout	IN
the	DT
Guides	NNS
we	PRP
will	MD
use	VB

This	DT
is	VBZ
to	TO
prevent	VB
an	DT
accidental	JJ
publish	VB
of	IN
your	PRP$
code	NN
.	.

never	RB
explicitly	RB
declared	JJ
a	DT
need	NN
for	CC

If	IN
a	DT
dependency	NN
is	VBZ
missing	JJ
,	,
or	CC
included	JJ
in	IN
the	DT
wrong	JJ
order	NN
,	,
the	DT
application	NN
will	MD
not	RB
function	NN
properly	RB
.	.

Tweak	NN
the	DT
directory	NN
structure	NN
as	IN
follows	VBZ
:	:

Once	CC
this	DT
is	VBZ
done	VBN
,	,
it	PRP
should	MD
be	VB
safe	JJ
to	TO
empty	VB
the	DT

it	PRP
,	,
and	CC
modify	VB
the	DT
other	JJ

It	PRP
then	JJ
uses	VBZ
the	DT
graph	NN
to	TO
generate	VB
an	DT
optimized	JJ
bundle	NN
where	WRB
scripts	NNS
will	MD
be	VB
executed	VBN
in	IN
the	DT
correct	JJ
order	NN
.	.

statements	NNS
have	VB
been	VBN
standardized	VBN
in	IN

,	,
make	NN
sure	JJ
to	TO

A	DT
configuration	NN
file	NN
allows	VBZ
far	JJ
more	JJR
flexibility	NN
than	IN
CLI	NNP
usage	NN
.	.

Now	RB
run	NN
the	DT
following	IN
command	NN
and	CC
see	NN
if	IN
your	PRP$
script	NN
alias	JJ
works	NNS
:	:

It	PRP
could	MD
lead	VB
to	TO
execution	NN
of	IN
malicious	JJ
code	NN
on	IN
your	PRP$
computer	NN
,	,
remote	JJ
servers	NNS
,	,
or	CC
in	IN
the	DT
Web	NNP
browsers	NNS
of	IN
the	DT
end	NN
users	NNS
of	IN
your	PRP$
application	NN
.	.

Some	DT
built-in	JJ
types	NNS
like	IN

property	NN
on	IN
the	DT
object	NN
.	.

Here	NNP
is	VBZ
an	DT
example	NN
that	DT
demonstrates	VBZ
this	DT
distinction	NN
:	:

property	NN
allowing	VBG
access	NN
to	TO
stored	VBD
values	NNS
.	.

Working	JJ
with	IN
External	JJ
Dependencies	NNS

For	NNP
example	NN
,	,
suppose	VB
there	EX
are	VBP
two	CD
projects	NNS
on	IN
a	DT
system	NN
:	:

file	NN
allows	VBZ
users	NNS
to	TO
depend	VB
on	IN
targets	NNS
from	IN
other	JJ
parts	NNS
of	IN
the	DT
filesystem	NN
or	CC
downloaded	VBD
from	IN
the	DT
internet	NN
.	.

to	TO
get	NN
more	RBR
complex	JJ
behavior	NN
.	.

For	NNP
example	NN
,	,
suppose	VB
you	PRP
are	VBP
working	VBG
on	IN
a	DT
project	NN
,	,

,	,
your	PRP$
project	NN
can	MD
refer	VB
to	TO
it	PRP
as	IN

Your	PRP$
coworker	NN
project	NN
uses	NNS

Depending	VBG
on	IN
external	JJ
packages	NNS

If	IN
you	PRP
would	MD
like	VB
to	TO
prefetch	VB
the	DT
dependencies	NNS
needed	JJ
for	CC
a	DT
specific	JJ
set	NN
of	IN
targets	NNS
,	,
use	NN

,	,
fetching	JJ
happens	VBZ
per	NN
workspace	NN
.	.

,	,
but	CC
they	PRP
depend	VBP
on	IN
different	JJ
versions	NNS
of	IN

Overriding	JJ
repositories	NNS
from	IN
the	DT
command	NN
line	NN

to	TO
the	DT
local	JJ
directory	NN

If	IN
you	PRP
are	VBP
in	IN
an	DT
environment	NN
where	WRB
you	PRP
cannot	MD
make	VB
network	NN
calls	NNS
,	,

,	,
for	CC
example	NN
by	IN
having	VBG
the	DT

This	DT
requirement	NN
can	MD
balloon	JJ
the	DT

External	JJ
dependencies	NNS
are	VBP
all	DT
downloaded	VBD
to	TO
a	DT
directory	NN
under	IN
the	DT
subdirectory	NN

To	TO
remove	VB
all	DT
external	JJ
artifacts	NNS
,	,
use	NN

,	,
fetching	JJ
of	IN
further	JJR
repositories	NNS
can	MD
be	VB
disabled	VBN
during	IN
the	DT
build	NN
.	.

whereas	IN
the	DT
HTTP	NNP
downloader	NN
is	VBZ
built	VBN

Detecting	NN
system	NN
settings	NNS
and	CC
writing	NN
them	PRP
to	TO
files	NNS
.	.

The	DT
ability	NN
to	TO
run	VB
some	DT
code	NN
depending	VBG
on	IN
if	IN
a	DT
condition	NN
is	VBZ
true	JJ
,	,
or	CC
run	NN
some	DT
code	NN
repeatedly	RB
while	IN
a	DT
condition	NN
is	VBZ
true	JJ
,	,
are	VBP
basic	JJ
building	JJ
blocks	NNS
in	IN
most	RBS
programming	NN
languages	NNS
.	.

,	,
followed	VBD
by	IN
a	DT
condition	NN
.	.

Blocks	NNS
of	IN
code	NN
associated	VBD
with	IN
the	DT
conditions	NNS
in	IN

expression	NN
,	,
which	WP
we	PRP
chose	VBD
to	TO
do	VB
here	RB
,	,
to	TO
give	VB
the	DT
program	NN
an	DT
alternative	JJ
block	NN
of	IN
code	NN
to	TO
execute	VB
should	MD
the	DT
condition	NN
evaluate	VB
to	TO
false	JJ
.	.

to	TO
a	DT
value	NN
that	DT
makes	NNS
the	DT
condition	NN

condition	NN
evaluates	VBZ
to	TO
a	DT
value	NN
of	IN

You	PRP
must	MD
be	VB
explicit	JJ
and	CC
always	RB
provide	VB

,	,
for	CC
example	NN
,	,
we	PRP
can	MD
change	VB
the	DT

You	PRP
can	MD
use	VB
multiple	JJ
conditions	NNS
by	IN
combining	VBG

expression	NN
in	IN
turn	NN
and	CC
executes	VBZ
the	DT
first	JJ
body	NN
for	CC
which	WP
the	DT
condition	NN
holds	NNS
true	JJ
.	.

is	VBZ
an	DT
expression	NN
,	,
we	PRP
can	MD
use	VB
it	PRP
on	IN
the	DT
right	JJ
side	NN
of	IN
a	DT

Remember	VB
that	DT
blocks	NNS
of	IN
code	NN
evaluate	VB
to	TO
the	DT
last	JJ
expression	NN
in	IN
them	PRP
,	,
and	CC
numbers	NNS
by	IN
themselves	PRP
are	VBP
also	RB
expressions	NNS
.	.

arms	NNS
have	VB
value	NN
types	NNS
that	DT
are	VBP
incompatible	JJ
,	,
and	CC
Rust	NNP
indicates	VBZ
exactly	RB
where	WRB
to	TO
find	VB
the	DT
problem	NN
in	IN
the	DT
program	NN
:	:

Knowing	JJ
the	DT
type	NN
of	IN

keyword	NN
tells	VBZ
Rust	NNP
to	TO
execute	VB
a	DT
block	NN
of	IN
code	NN
over	IN
and	CC
over	IN
again	RB
forever	NN
or	CC
until	IN
you	PRP
explicitly	RB
tell	VB
it	PRP
to	TO
stop	NN
.	.

Give	NN
it	PRP
a	DT
try	NN
:	:

Fortunately	RB
,	,
Rust	NNP
also	RB
provides	VBZ
a	DT
way	NN
to	TO
break	NN
out	IN
of	IN
a	DT
loop	NN
using	VBG
code	NN
.	.

section	NN
of	IN
Chapter	NNP
2	CD
to	TO
exit	VB
the	DT
program	NN
when	WRB
the	DT
user	NN
won	NN
the	DT
game	NN
by	IN
guessing	VBG
the	DT
correct	JJ
number	NN
.	.

to	TO
specify	VB
that	DT
those	DT
keywords	NNS
apply	VB
to	TO
the	DT
labeled	JJ
loop	NN
instead	IN
of	IN
the	DT
innermost	JJ
loop	NN
.	.

statement	NN
will	MD
exit	VB
the	DT
outer	JJ
loop	NN
.	.

You	PRP
might	MD
also	RB
need	VB
to	TO
pass	VB
the	DT
result	NN
of	IN
that	DT
operation	NN
out	IN
of	IN
the	DT
loop	NN
to	TO
the	DT
rest	NN
of	IN
your	PRP$
code	NN
.	.

and	CC
initialize	VB
it	PRP
to	TO

variable	JJ
,	,
and	CC
then	JJ
check	JJ
whether	CC
the	DT
counter	NN
is	VBZ
equal	JJ
to	TO

Finally	RB
,	,
we	PRP
print	VBP
the	DT
value	NN
in	IN

When	WRB
the	DT
condition	NN
ceases	NNS
to	TO
be	VB
true	JJ
,	,
the	DT
program	NN
calls	NNS

loop	NN
to	TO
run	NN
code	NN
while	IN
a	DT
condition	NN
holds	VBZ
true	JJ

You	PRP
can	MD
choose	VB
to	TO
use	VB
the	DT

Running	JJ
this	DT
code	NN
will	MD
print	VB
every	DT
element	NN
in	IN
the	DT
array	NN
:	:

However	CC
,	,
this	DT
approach	NN
is	VBZ
error	NN
prone	JJ
;	;
we	PRP
could	MD
cause	VB
the	DT
program	NN
to	TO
panic	NN
if	IN
the	DT
index	NN
value	NN
or	CC
test	JJ
condition	NN
are	VBP
incorrect	JJ
.	.

As	IN
a	DT
more	RBR
concise	JJ
alternative	JJ
,	,
you	PRP
can	MD
use	VB
a	DT

Even	NNP
in	IN
situations	NNS
in	IN
which	WP
you	PRP
want	VBP
to	TO
run	VB
some	DT
code	NN
a	DT
certain	JJ
number	NN
of	IN
times	CC
,	,
as	IN
in	IN
the	DT
countdown	NN
example	NN
that	DT
used	JJ
a	DT

That	DT
was	VBD
a	DT
sizable	JJ
chapter	NN
:	:
you	PRP
learned	JJ
about	IN
variables	NNS
,	,
scalar	JJ
and	CC
compound	JJ
data	NN
types	NNS
,	,
functions	NNS
,	,
comments	NNS
,	,

taking	JJ
advantage	NN
of	IN
the	DT
repetition	NN
in	IN
the	DT
song	NN
.	.

First	JJ
,	,
we	PRP
import	VBP
the	DT
class	JJ
:	:
class	JJ
:	:

Each	DT
view	NN
function	NN
takes	NNS
an	DT
:	:
class	JJ
:	:

contains	VBZ
the	DT
generated	VBD
response	NN
.	.

So	NNP
,	,
to	TO
recap	NN
,	,
this	DT
view	NN
function	NN
returns	VBZ
an	DT
HTML	NNP
page	NN
that	DT
includes	VBZ
the	DT
current	JJ
date	NN
and	CC
time	JJ
.	.

in	IN
order	NN
to	TO
signify	VB
an	DT
error	NN
.	.

When	WRB
you	PRP
return	JJ
an	DT
error	NN
such	DT
as	IN
:	:
class	JJ
:	:

and	CC
it	PRP
will	MD
appear	VB
in	IN
the	DT
standard	JJ
404	CD
debug	VB
template	NN
.	.

view	NN
is	VBZ
overridden	VBN
by	IN
:	:
data	NN
:	:

This	DT
document	NN
is	VBZ
meant	VBN
as	IN
a	DT
reference	NN
.	.

escaping	VBG
rules	NNS
as	IN
Go	VBP

This	DT
example	NN
selects	VBZ
only	JJ
those	DT
time	JJ
series	NN
with	IN
the	DT

:	:
Select	JJ
labels	NNS
that	DT
are	VBP
exactly	RB
equal	JJ
to	TO
the	DT
provided	CC
string	NN
.	.

Label	NN
matchers	NNS
that	DT
match	NN
empty	JJ
label	NN
values	NNS
also	RB
select	JJ
all	DT
time	JJ
series	NN
that	DT
do	VB
not	RB
have	VB
the	DT
specific	JJ
label	NN
set	NN
at	IN
all	DT
.	.

In	IN
contrast	NN
,	,
these	DT
expressions	NNS
are	VBP
valid	JJ
as	IN
they	PRP
both	DT
have	VB
a	DT
selector	NN
that	DT
does	VBZ
not	RB
match	VB
empty	JJ
label	NN
values	NNS
.	.

The	DT
metric	JJ
name	NN
must	MD
not	RB
be	VB
one	CD
of	IN
the	DT
keywords	NNS

Range	NNP
vector	NN
literals	NNS
work	VBP
like	IN
instant	JJ
vector	NN
literals	NNS
,	,
except	IN
that	DT
they	PRP
select	JJ
a	DT
range	NN
of	IN
samples	NNS
back	VBP
from	IN
the	DT
current	JJ
instant	NN
.	.

Units	NNS
must	MD
be	VB
ordered	VBN
from	IN
the	DT
longest	JJS
to	TO
the	DT
shortest	JJS
.	.

For	NNP
example	NN
,	,
the	DT
following	IN
expression	NN
returns	VBZ
the	DT
value	NN
of	IN

had	VBD
a	DT
week	NN
ago	IN
:	:

modifier	NN
allows	VBZ
changing	VBG
the	DT
evaluation	NN
time	NN
for	CC
individual	JJ
instant	JJ
and	CC
range	NN
vectors	NNS
in	IN
a	DT
query	NN
.	.

The	DT
same	JJ
works	NNS
for	CC
range	NN
vectors	NNS
.	.

modifier	NN
where	WRB
the	DT
offset	NN
is	VBZ
applied	VBN
relative	JJ
to	TO
the	DT

for	CC
more	JJR
details	NNS
about	IN
this	DT
flag	NN
.	.

For	NNP
an	DT
instant	JJ
query	NN
,	,

These	DT
are	NN
described	VBN
in	IN
detail	NN
in	IN
the	DT

Because	IN
of	IN
their	PRP$
independence	NN
,	,
Prometheus	NNP
needs	RB
to	TO
assign	VB
a	DT
value	NN
at	IN
those	DT
timestamps	NNS
for	CC
each	DT
relevant	JJ
time	JJ
series	NN
.	.

If	IN
a	DT
query	NN
is	VBZ
evaluated	VBN
at	IN
a	DT
sampling	NN
timestamp	NN
after	IN
a	DT
time	JJ
series	NN
is	VBZ
marked	VBN
stale	JJ
,	,
then	JJ
no	DT
value	NN
is	VBZ
returned	VBN
for	CC
that	DT
time	JJ
series	NN
.	.

Only	JJ
the	DT
5	CD
minute	JJ
threshold	NN
will	MD
be	VB
applied	VBN
in	IN
that	DT
case	NN
.	.

could	MD
expand	VB
to	TO
thousands	NNS
of	IN
time	JJ
series	NN
with	IN
different	JJ
labels	NNS
.	.

After	IN
reading	NN
this	DT
guide	NN
,	,
you	PRP
will	MD
know	VB
:	:

The	DT
concepts	NNS
of	IN
database	NN
migrations	NNS
,	,
validations	NNS
,	,
and	CC
callbacks	NNS
.	.

The	DT
Active	JJ
Record	JJ
Pattern	NN

Active	JJ
Record	JJ
gives	NNS
us	PRP
several	JJ
mechanisms	NNS
,	,
the	DT
most	NN
important	JJ
being	NN
the	DT
ability	NN
to	TO
:	:

Validate	VB
models	NNS
before	IN
they	PRP
get	NN
persisted	VBD
to	TO
the	DT
database	NN
.	.

The	DT
idea	NN
is	VBZ
that	DT
if	IN
you	PRP
configure	VBP
your	PRP$
applications	NNS
in	IN
the	DT
very	JJ
same	JJ
way	NN
most	NN
of	IN
the	DT
time	JJ
then	JJ
this	DT
should	MD
be	VB
the	DT
default	NN
way	NN
.	.

Active	JJ
Record	JJ
uses	NNS
naming	NN
conventions	NNS
for	CC
the	DT
columns	NNS
in	IN
database	NN
tables	NNS
,	,
depending	VBG
on	IN
the	DT
purpose	NN
of	IN
these	DT
columns	NNS
.	.

There	EX
are	VBP
also	RB
some	DT
optional	JJ
column	NN
names	NNS
that	DT
will	MD
add	VB
additional	JJ
features	NNS
to	TO
Active	JJ
Record	JJ
instances	NNS
:	:

will	MD
cache	VB
the	DT
number	NN
of	IN
existent	JJ
comments	NNS

Creating	VBG
Active	JJ
Record	JJ
Models	NNS

table	NN
at	IN
the	DT
database	NN
.	.

Overriding	JJ
the	DT
Naming	NN
Conventions	NNS

You	PRP
can	MD
use	VB
the	DT

Active	JJ
Record	NN
automatically	RB
creates	VBZ
methods	NNS
to	TO
allow	VB
an	DT
application	NN
to	TO
read	VB
and	CC
manipulate	VB
data	NN
stored	VBD
within	IN
its	PRP$
tables	NNS
.	.

For	NNP
example	NN
,	,
given	NN
a	DT
model	JJ

Finally	RB
,	,
if	IN
a	DT
block	NN
is	VBZ
provided	VBN
,	,
both	CC

You	PRP
can	MD
learn	VB
more	RBR
about	IN
querying	NN
an	DT
Active	JJ
Record	JJ
model	NN
in	IN
the	DT

This	DT
is	VBZ
most	JJS
useful	JJ
when	WRB
updating	VBG
several	JJ
attributes	NNS
at	IN
once	CC
.	.

There	EX
are	VBP
several	JJ
methods	NNS
that	DT
you	PRP
can	MD
use	VB
to	TO
check	VB
your	PRP$
models	NNS
and	CC
validate	VB
that	DT
an	DT
attribute	NN
value	NN
is	VBZ
not	RB
empty	JJ
,	,
is	VBZ
unique	JJ
and	CC
not	RB
already	JJ
in	IN
the	DT
database	NN
,	,
follows	VBZ
a	DT
specific	JJ
format	NN
,	,
and	CC
many	DT
more	RBR
.	.

You	PRP
can	MD
learn	VB
more	RBR
about	IN
validations	NNS
in	IN
the	DT

Active	JJ
Record	JJ
Callbacks	NNS
guide	NN

,	,
and	CC
to	TO
roll	VB
it	PRP
back	JJ
,	,

after	IN
the	DT
call	NN
to	TO

function	NN
that	DT
has	VBZ
a	DT
reference	NN
to	TO
an	DT
object	NN
as	IN
a	DT
parameter	NN
instead	IN
of	IN
taking	JJ
ownership	NN
of	IN
the	DT
value	NN
:	:

but	CC
does	VBZ
not	RB
own	VB
it	PRP
.	.

The	DT
scope	NN
in	IN
which	WP
the	DT
variable	JJ

Then	JJ
we	PRP
create	VBP
a	DT
mutable	JJ
reference	NN
with	IN

function	NN
will	MD
mutate	VB
the	DT
value	NN
it	PRP
borrows	VBZ
.	.

as	IN
mutable	JJ
more	JJR
than	IN
once	CC
at	IN
a	DT
time	NN
.	.

The	DT
restriction	JJ
preventing	VBG
multiple	JJ
mutable	JJ
references	NNS
to	TO
the	DT
same	JJ
data	NN
at	IN
the	DT
same	JJ
time	NN
allows	VBZ
for	CC
mutation	NN
but	CC
in	IN
a	DT
very	JJ
controlled	VBD
fashion	NN
.	.

Rust	NNP
enforces	VBZ
a	DT
similar	JJ
rule	NN
for	CC
combining	VBG
mutable	JJ
and	CC
immutable	JJ
references	NNS
.	.

The	DT
scopes	NNS
of	IN
the	DT
immutable	JJ
references	NNS

But	CC
we	PRP
tried	VBD
to	TO
return	VB
a	DT
reference	NN
to	TO
it	PRP
.	.

The	DT
Rules	NNP
of	IN
References	NNS

In	IN
this	DT
chapter	NN
,	,
we	PRP
present	VBP
several	JJ
best	RBS
practices	NNS
that	DT
will	MD
help	VB
you	PRP
develop	VBP
expressive	JJ
and	CC
maintainable	JJ
builds	NNS
that	DT
are	VBP
easy	JJ
to	TO
use	NN
.	.

While	IN
this	DT
code	NN
snippet	NN
is	VBZ
small	JJ
,	,
it	PRP
is	VBZ
easy	JJ
to	TO
imagine	VB
a	DT
full-blown	JJ
build	NN
script	NN
using	VBG
numerous	JJ
procedural	JJ
statements	NNS
and	CC
the	DT
impact	NN
it	PRP
would	MD
have	VB
on	IN
readability	NN
and	CC
maintainability	NN
.	.

.	.
A	DT
binary	JJ
plugin	NN
implementing	VBG
imperative	JJ
logic	NN

,	,
and	CC
other	JJ
classes	NNS
under	IN

.	.
Definition	NN
of	IN
tasks	NNS
following	IN
best	RBS
practices	NNS

The	DT
task	NN
should	MD
be	VB
organized	VBN
underneath	IN
the	DT
bucket	NN

In	IN
the	DT
build	NN
script	NN
you	PRP
can	MD
see	VB
that	DT
the	DT
dependencies	NNS
assigned	JJ
to	TO
the	DT
configuration	NN

.	.
Executing	VBG
logic	NN
during	IN
execution	NN
phase	NN
is	VBZ
preferred	VBN

Setting	NN
property	NN
values	NNS
or	CC
calling	NN
methods	NNS
on	IN
domain	NN
objects	NNS
from	IN
another	DT
project	NN
.	.

Passwords	NNS
should	MD
always	RB
kept	VBD
safe	JJ
to	TO
prevent	VB
fraud	NN
.	.

Passwords	NNS
together	JJ
with	IN
any	DT
other	JJ
sensitive	JJ
data	NN
should	MD
be	VB
kept	VBN
external	JJ
from	IN
the	DT
version	NN
controlled	VBD
project	NN
files	NNS
.	.

,	,
consider	VB
encrypting	VBG
them	PRP
.	.

They	PRP
are	VBP
the	DT
primary	JJ
reference	NN
for	CC
the	DT
chip	NN
technical	JJ
specifications	NNS
,	,
capabilities	NNS
,	,
operating	JJ
modes	NNS
,	,
internal	JJ
functioning	JJ
,	,
etc	RB
.	.

Once	CC
the	DT
filesystem	NN
is	VBZ
mounted	VBN
,	,

For	NNP
small	JJ
test	JJ
applications	NNS
,	,
you	PRP
may	MD
name	VB
them	PRP
directly	CC
as	IN

Dependency	NN
injection	NN
,	,
or	CC
DI	NNP
,	,
is	VBZ
a	DT
design	NN
pattern	NN
in	IN
which	WP
a	DT
class	NN
requests	VBZ
dependencies	NNS
from	IN
external	JJ
sources	NNS
rather	RB
than	IN
creating	VBG
them	PRP
.	.

Creating	VBG
an	DT
injectable	JJ
service	JJ

decorator	NN
specifies	VBZ
that	DT
Angular	NNP
can	MD
use	VB
this	DT
class	NN
in	IN
the	DT
DI	NNP
system	NN
.	.

method	NN
that	DT
returns	NNS
the	DT
heroes	NNS
from	IN

Injecting	VBG
services	VBZ
results	NNS
in	IN
making	NN
them	PRP
visible	JJ
to	TO
a	DT
component	NN
.	.

For	NNP
more	JJR
information	NN
,	,
see	NN

In	IN
the	DT
following	IN
example	NN

specifies	VBZ
a	DT
type	NN
of	IN

service	JJ
and	CC
two	CD
versions	NNS
of	IN

In	IN
this	DT
example	NN
,	,
the	DT

:	:
:	:
:	:
tip	NN
API	NNP
Preference	NN
This	DT
page	NN
and	CC
many	DT
other	JJ
chapters	NNS
later	JJ
in	IN
the	DT
guide	NN
contain	VB
different	JJ
content	NN
for	CC
Options	NNS
API	NNP
and	CC
Composition	NN
API	NNP
.	.

option	NN
to	TO
declare	VB
reactive	JJ
state	NN
of	IN
a	DT
component	NN
.	.

It	PRP
is	VBZ
possible	JJ
to	TO
add	VB
a	DT
new	JJ
property	NN
directly	CC
to	TO

It	PRP
also	RB
reserves	NNS
the	DT
prefix	NN

is	VBZ
left	VBN
intact	JJ
and	CC
will	MD
not	RB
be	VB
made	VBN
reactive	JJ
:	:
make	NN
sure	JJ
to	TO
always	RB
access	NN
reactive	JJ
state	NN
as	IN
a	DT
property	NN
of	IN

To	TO
use	NN
reactive	JJ
state	NN
in	IN
a	DT
component	JJ
template	NN
,	,
declare	VB
and	CC
return	JJ
them	PRP
from	IN
a	DT
component	JJ

Luckily	RB
,	,
it	PRP
is	VBZ
only	JJ
necessary	JJ
when	WRB
not	RB
using	VBG
a	DT
build	NN
step	NN
.	.

To	TO
add	VB
methods	NNS
to	TO
a	DT
component	JJ
instance	NN
we	PRP
use	VBP
the	DT

You	PRP
should	MD
avoid	VB
using	VBG
arrow	NN
functions	NNS
when	WRB
defining	VBG

Try	NN
it	PRP
in	IN
the	DT
Playground	NN

It	PRP
is	VBZ
also	RB
possible	JJ
to	TO
explicitly	RB
create	VB

on	IN
the	DT
same	JJ
object	NN
always	RB
returns	VBZ
the	DT
same	JJ
proxy	JJ
,	,
and	CC
calling	NN

API	NNP
has	VBZ
two	CD
limitations	NNS
:	:

Similar	JJ
to	TO
properties	NNS
on	IN
a	DT
reactive	JJ
object	NN
,	,
the	DT

allows	VBZ
us	PRP
to	TO
create	VB
a	DT
"	"
reference	NN
"	"
to	TO
any	DT
value	NN
and	CC
pass	JJ
it	PRP
around	IN
without	IN
losing	JJ
reactivity	NN
.	.

Try	NN
it	PRP
in	IN
the	DT
Playground	NN

If	IN
a	DT
new	JJ
ref	NN
is	VBZ
assigned	VBN
to	TO
a	DT
property	NN
linked	JJ
to	TO
an	DT
existing	JJ
ref	NN
,	,
it	PRP
will	MD
replace	VB
the	DT
old	JJ
ref	NN
:	:

:	:
:	:
:	:
tip	NN
If	IN
you	PRP
are	VBP
using	VBG
the	DT

in	IN
its	PRP$
dedicated	JJ
section	NN
.	.

You	PRP
can	MD
find	VB
a	DT

The	DT
simplest	JJS
way	NN
to	TO
define	VB
a	DT
component	NN
is	VBZ
to	TO
write	VB
a	DT
JavaScript	NNP
function	NN
:	:

The	DT
above	IN
two	CD
components	NNS
are	VBP
equivalent	JJ
from	IN
React	NNP
point	NN
of	IN
view	NN
.	.

For	NNP
example	NN
,	,
this	DT
code	NN
renders	NNS
"	"
Hello	NN
,	,
Sara	NNP
"	"
on	IN
the	DT
page	NN
:	:

represents	VBZ
a	DT
component	JJ
and	CC
requires	VBZ

This	DT
lets	NNS
us	PRP
use	NN
the	DT
same	JJ
component	JJ
abstraction	NN
for	CC
any	DT
level	NN
of	IN
detail	NN
.	.

component	JJ
at	IN
the	DT
very	JJ
top	JJ
.	.

This	DT
component	JJ
can	MD
be	VB
tricky	JJ
to	TO
change	NN
because	IN
of	IN
all	PDT
the	DT
nesting	VBG
,	,
and	CC
it	PRP
is	VBZ
also	RB
hard	JJ
to	TO
reuse	VB
individual	JJ
parts	NNS
of	IN
it	PRP
.	.

We	PRP
can	MD
now	RB
simplify	VB

This	DT
lets	NNS
us	PRP
simplify	VB

,	,
it	PRP
must	MD
never	RB
modify	VB
its	PRP$
own	JJ
props	NNS
.	.

React	NNP
is	VBZ
pretty	JJ
flexible	JJ
but	CC
it	PRP
has	VBZ
a	DT
single	JJ
strict	JJ
rule	NN
:	:

There	EX
are	VBP
build	NN
tools	NNS
that	DT
build	NN
up	IN
such	PDT
a	DT
dependency	NN
graph	NN
as	IN
they	PRP
execute	VBP
their	PRP$
tasks	NNS
.	.

command	NN
and	CC
the	DT
current	JJ
directory	NN
.	.

Similarly	RB
property	NN
access	NN
and	CC
method	NN
calls	NNS
within	IN
the	DT
settings	NNS
file	NN
is	VBZ
delegated	VBN
to	TO
a	DT
settings	NNS
object	NN
.	.

What	WP
is	VBZ
the	DT
purpose	NN
of	IN
this	DT
behavior	NN
?	?

The	DT
automatic	JJ
search	NN
for	CC
a	DT

If	IN
these	DT
task	NN
names	NNS
exist	VB
,	,
they	PRP
are	VBP
executed	VBN
as	IN
a	DT
separate	JJ
build	NN
in	IN
the	DT
order	NN
you	PRP
have	VB
passed	VBN
them	PRP
.	.

For	NNP
details	NNS
on	IN
how	WRB
to	TO
use	VB
the	DT
listener	NN
interfaces	NNS
,	,
refer	VB
to	TO
the	DT
API	NNP
documentation	NN
.	.

task	NN
to	TO
each	DT
project	NN
which	WP
has	VBZ
a	DT

to	TO
add	VB
a	DT
closure	NN
which	WP
is	VBZ
executed	VBN
after	IN
the	DT
project	NN
is	VBZ
evaluated	VBN
.	.

You	PRP
can	MD
receive	VB
a	DT
notification	NN
immediately	CC
after	IN
a	DT
task	NN
is	VBZ
added	VBN
to	TO
a	DT
project	NN
.	.

.	.
Setting	NN
of	IN
certain	JJ
property	NN
to	TO
all	DT
tasks	NNS

notification	NN
is	VBZ
received	VBN
regardless	JJ
of	IN
whether	CC
the	DT
task	NN
completes	VBZ
successfully	RB
or	CC
fails	NNS
with	IN
an	DT
exception	NN
.	.

distributed	VBD
with	IN
this	DT
work	NN
for	CC
additional	JJ
information	NN
.	.
.	.

WITHOUT	IN
WARRANTIES	NNS
OR	CC
CONDITIONS	NNS
OF	IN
ANY	DT
KIND	JJ
,	,
either	DT
express	JJ
or	CC
implied	JJ
.	.

Cassandra	NNP
makes	NNS
some	DT
guarantees	NNS
about	IN
its	PRP$
scalability	NN
,	,
availability	NN
and	CC
reliability	NN
.	.

Partition	NN
tolerance	NN
:	:
Partition	NN
tolerance	NN
refers	VBZ
to	TO
the	DT
tolerance	NN
of	IN
a	DT
storage	NN
system	NN
to	TO
failure	NN
of	IN
a	DT
network	NN
partition	NN
.	.

High	JJ
availability	NN
is	VBZ
a	DT
priority	NN
in	IN
web	NN
based	VBD
applications	NNS
and	CC
to	TO
this	DT
objective	JJ
Cassandra	NNP
chooses	VBZ
Availability	NN
and	CC
Partition	NN
Tolerance	NN
from	IN
the	DT
CAP	NNP
guarantees	NNS
,	,
compromising	VBG
on	IN
data	NN
Consistency	NN
to	TO
some	DT
extent	NN
.	.

Secondary	JJ
indexes	NNS
are	VBP
guaranteed	VBN
to	TO
be	VB
consistent	JJ
with	IN
their	PRP$
local	JJ
replicas	NN
data	NN

Eventual	JJ
consistency	NN
is	VBZ
a	DT
tradeoff	NN
to	TO
achieve	VB
high	JJ
availability	NN
and	CC
it	PRP
involves	VBZ
some	DT
read	NN
and	CC
write	VB
latencies	NNS
.	.

Secondary	JJ
indexes	NNS
when	WRB
built	VBD
are	VBP
guaranteed	VBN
to	TO
be	VB
consistent	JJ
with	IN
their	PRP$
local	JJ
replicas	NN
.	.

Hierarchical	JJ
federation	NN
allows	VBZ
Prometheus	NNP
to	TO
scale	NN
to	TO
environments	NNS
with	IN
tens	JJ
of	IN
data	NN
centers	NNS
and	CC
millions	NNS
of	IN
nodes	NNS
.	.

On	IN
any	DT
given	NN
Prometheus	NNP
server	NN
,	,
the	DT

parameters	NNS
are	VBP
provided	VBN
,	,
the	DT
union	NN
of	IN
all	DT
matched	JJ
series	NN
is	VBZ
selected	VBN
.	.

federates	VBZ
any	DT
series	NN
with	IN
the	DT
label	NN

Historically	RB
,	,
programming	NN
in	IN
these	DT
contexts	NNS
has	VBZ
been	VBN
difficult	JJ
and	CC
error	NN
prone	JJ
:	:
Rust	NNP
hopes	NNS
to	TO
change	VB
that	DT
.	.

Many	DT
languages	NNS
are	VBP
dogmatic	JJ
about	IN
the	DT
solutions	NNS
they	PRP
offer	NN
for	CC
handling	NN
concurrent	JJ
problems	NNS
.	.

title	NN
:	:
Preload	NN
,	,
Prefetch	NN
And	CC
Priorities	NNS
in	IN
Chrome	NNP

This	DT
feature	NN
allows	VBZ
you	PRP
to	TO
split	VB
your	PRP$
code	NN
into	IN
various	JJ
bundles	NNS
which	WP
can	MD
then	JJ
be	VB
loaded	VBN
on	IN
demand	NN
or	CC
in	IN
parallel	JJ
.	.

However	CC
,	,
it	PRP
is	VBZ
more	RBR
manual	JJ
and	CC
has	VBZ
some	DT
pitfalls	NNS
we	PRP
will	MD
go	VB
over	IN
.	.

The	DT
first	NN
of	IN
these	DT
two	CD
points	NNS
is	VBZ
definitely	RB
an	DT
issue	NN
for	CC
our	PRP$
example	NN
,	,
as	IN

is	VBZ
needed	VBN
too	RB
,	,
otherwise	CC
we	PRP
could	MD
get	VB
into	IN
trouble	NN
described	VBD

dependency	NN
from	IN
the	DT
previous	JJ
example	NN
:	:

Here	NNP
are	VBP
some	DT
other	JJ
useful	JJ
plugins	NNS
and	CC
loaders	NNS
provided	CC
by	IN
the	DT
community	NN
for	CC
splitting	JJ
code	NN
:	:

that	DT
conforms	VBZ
to	TO
the	DT

For	NNP
more	JJR
information	NN
on	IN
the	DT
reason	NN
behind	IN
this	DT
,	,
read	NN

when	WRB
you	PRP
might	MD
need	VB
to	TO
import	NN
specific	JJ
module	NN
based	VBD
on	IN
a	DT
computed	JJ
variable	JJ
later	JJ
.	.

component	JJ
after	IN
being	NN
clicked	VBN
.	.

A	DT
preloaded	JJ
chunk	NN
starts	NNS
loading	JJ
in	IN
parallel	NN
to	TO
the	DT
parent	NN
chunk	NN
.	.

A	DT
preloaded	JJ
chunk	NN
should	MD
be	VB
instantly	RB
requested	VBN
by	IN
the	DT
parent	NN
chunk	NN
.	.

which	WP
always	RB
depends	VBZ
on	IN
a	DT
big	JJ
library	NN
that	DT
should	MD
be	VB
in	IN
a	DT
separate	JJ
chunk	NN
.	.

,	,
until	IN
the	DT
already	JJ
requested	JJ

is	VBZ
a	DT
good	JJ
place	NN
to	TO
start	NN
.	.

:	:
This	DT
tool	NN
will	MD
analyze	VB
your	PRP$
bundle	NN
and	CC
give	NN
you	PRP
actionable	JJ
suggestions	NNS
on	IN
what	WP
to	TO
improve	VB
to	TO
reduce	VB
your	PRP$
bundle	NN
size	JJ
.	.

See	NNP
the	DT
NOTICE	NN
file	NN
distributed	VBD
with	IN

distributed	VBD
under	IN
the	DT
License	NN
is	VBZ
distributed	VBN
on	IN
an	DT
"	"
AS	IN
IS	NNP
"	"
BASIS	NN
,	,

This	DT
document	NN
gives	VBZ
a	DT
short	JJ
overview	NN
of	IN
how	WRB
Spark	NNP
runs	NNS
on	IN
clusters	NNS
,	,
to	TO
make	VB
it	PRP
easier	JJR
to	TO
understand	VB
the	DT
components	NNS
involved	JJ
.	.

Each	DT
application	NN
gets	VBZ
its	PRP$
own	JJ
executor	NN
processes	NNS
,	,
which	WDT
stay	NN
up	IN
for	CC
the	DT
duration	NN
of	IN
the	DT
whole	JJ

writing	NN
it	PRP
to	TO
an	DT
external	JJ
storage	NN
system	NN
.	.

The	DT
driver	NN
program	NN
must	MD
listen	VB
for	CC
and	CC
accept	VB
incoming	JJ
connections	NNS
from	IN
its	PRP$
executors	NNS
throughout	IN

Because	IN
the	DT
driver	NN
schedules	VBZ
tasks	NNS
on	IN
the	DT
cluster	NN
,	,
it	PRP
should	MD
be	VB
run	NN
close	JJ
to	TO
the	DT
worker	NN

easy	JJ
to	TO
set	NN
up	IN
a	DT
cluster	NN
.	.

Each	DT
driver	NN
program	NN
has	VBZ
a	DT
web	NN
UI	NN
,	,
typically	RB
on	IN
port	JJ
4040	CD
,	,
that	DT
displays	NNS
information	NN
about	IN
running	JJ
tasks	NNS
,	,
executors	NNS
,	,
and	CC
storage	NN
usage	NN
.	.

The	DT
circuit	NN
breaker	NN
protects	VBZ
your	PRP$
system	NN
from	IN
stacking	NN
requests	NNS
to	TO
unhealthy	JJ
services	NNS
,	,
resulting	JJ
in	IN
cascading	VBG
failures	NNS
.	.

While	IN
the	DT
circuit	NN
is	VBZ
closed	VBN
,	,
the	DT
circuit	NN
breaker	NN
only	JJ
collects	VBZ
metrics	NN
to	TO
analyze	VB
the	DT
behavior	NN
of	IN
the	DT
requests	NNS
.	.

If	IN
your	PRP$
service	NN
fails	NNS
during	IN
recovery	NN
,	,
the	DT
circuit	NN
breaker	NN
opens	NNS
again	RB
.	.

option	NN
can	MD
check	VB
three	CD
different	JJ
metrics	NN
:	:

For	NNP
example	NN
,	,
the	DT
expression	NN

to	TO
the	DT
client	NN
instead	IN
of	IN
calling	NN
the	DT
target	NN
service	JJ
.	.

This	DT
value	NN
cannot	MD
be	VB
configured	VBN
.	.

would	MD
cache	VB
records	NNS
up	IN
to	TO
300	CD
seconds	NNS
.	.

,	,
override	NN
the	DT
settings	NNS
for	CC
caching	VBG
denial	NN
of	IN
existence	NN
responses	NNS
.	.

When	WRB
this	DT
happens	VBZ
,	,
cache	NN
will	MD
attempt	VB
to	TO
refresh	VB
the	DT
cache	NN
entry	NN
after	IN
sending	NN
the	DT
expired	JJ
cache	NN

Eviction	NN
is	VBZ
done	VBN
per	NN
shard	NN
.	.

Prometheus	NNP
local	JJ
time	JJ
series	NN
database	NN
stores	VBZ
data	NN
in	IN
a	DT
custom	JJ
,	,
highly	RB
efficient	JJ
format	NN
on	IN
local	JJ
storage	NN
.	.

A	DT
Prometheus	NNP
server	NN
data	NN
directory	NN
looks	VBZ
something	NN
like	IN
this	DT
:	:

are	VBP
recommended	VBN
for	CC
backups	NNS
.	.

For	NNP
further	RB
details	NNS
on	IN
file	NN
format	NN
,	,
see	NN

:	:
Where	WRB
Prometheus	NNP
writes	VBZ
its	PRP$
database	NN
.	.

The	DT
oldest	JJS
data	NN
will	MD
be	VB
removed	VBN
first	JJ
.	.

Thus	JJ
,	,
to	TO
plan	VB
the	DT
capacity	NN
of	IN
a	DT
Prometheus	NNP
server	NN
,	,
you	PRP
can	MD
use	VB
the	DT
rough	JJ
formula	NN
:	:

Again	RB
,	,
Prometheus	NNP
local	JJ
storage	NN
is	VBZ
not	RB
intended	VBN
to	TO
be	VB
durable	JJ
long-term	JJ
storage	NN
;	;
external	JJ
solutions	NNS
offer	VBP
extended	JJ
retention	NN
and	CC
data	NN
durability	NN
.	.

It	PRP
may	MD
take	VB
up	IN
to	TO
two	CD
hours	NNS
to	TO
remove	NN
expired	VBD
blocks	NNS
.	.

Prometheus	NNP
integrates	VBZ
with	IN
remote	JJ
storage	NN
systems	NNS
in	IN
three	CD
ways	NNS
:	:

sections	NNS
of	IN
the	DT
Prometheus	NNP
configuration	NN
documentation	NN
.	.

remote	JJ
storage	NN
protocol	NN
buffer	NN
definitions	NNS

format	NN
,	,
they	PRP
can	MD
do	VB
so	RB
using	VBG
backfilling	VBG
.	.

format	NN
,	,
which	WP
is	VBZ
the	DT
input	NN
format	NN
for	CC
the	DT
backfilling	VBG
as	IN
described	VBD
below	IN
.	.

flag	NN
allows	VBZ
the	DT
user	NN
to	TO
configure	VB
a	DT
maximum	JJ
duration	NN
of	IN
blocks	NNS
.	.

Backfilling	VBG
for	CC
Recording	NN
Rules	NNP

To	TO
see	VB
all	DT
options	NNS
,	,
use	NN
:	:

In	IN
order	NN
to	TO
make	NN
use	NN
of	IN
this	DT
new	JJ
block	NN
data	NN
,	,
the	DT
blocks	NNS
must	MD
be	VB
moved	VBN
to	TO
a	DT
running	JJ
Prometheus	NNP
instance	NN
data	NN
dir	NN

is	VBZ
set	VBN
in	IN
the	DT
recording	NN
rule	NN
file	NN
that	DT
will	MD
take	VB
priority	NN
over	IN
the	DT

Meaning	JJ
that	DT
rules	NNS
that	DT
refer	VB
to	TO
other	JJ
rules	NNS
being	NN
backfilled	VBN
is	VBZ
not	RB
supported	VBN
.	.

The	DT
architecture	NN
of	IN
an	DT
Angular	JJ
application	NN
relies	VBZ
on	IN
certain	JJ
fundamental	JJ
concepts	NNS
.	.

for	CC
basic	JJ
definitions	NNS
of	IN
important	JJ
Angular	JJ
terms	NNS
and	CC
usage	NN
.	.

For	NNP
example	NN
,	,
to	TO
use	VB
the	DT
router	NN
service	NN
in	IN
your	PRP$
app	NN
,	,
you	PRP
import	VBP
the	DT

Angular	NNP
defines	VBZ
a	DT
number	NN
of	IN
decorators	NNS
that	DT
attach	VB
specific	JJ
kinds	NNS
of	IN
metadata	NN
to	TO
classes	NNS
,	,
so	CC
that	DT
the	DT
system	NN
knows	VBZ
what	WP
those	DT
classes	NNS
mean	JJ
and	CC
how	WRB
they	PRP
should	MD
work	JJ
.	.

Before	IN
a	DT
view	NN
is	VBZ
displayed	VBN
,	,
Angular	NNP
evaluates	VBZ
the	DT
directives	NNS
and	CC
resolves	NNS
the	DT
binding	JJ
syntax	NN
in	IN
the	DT
template	NN
to	TO
modify	VB
the	DT
HTML	NNP
elements	NNS
and	CC
the	DT
DOM	NNP
,	,
according	IN
to	TO
your	PRP$
program	NN
data	NN
and	CC
logic	NN
.	.

Services	NNS
and	CC
dependency	NN
injection	NN

It	PRP
is	VBZ
modeled	VBN
on	IN
the	DT
familiar	JJ
browser	NN
navigation	NN
conventions	NNS
:	:

The	DT
router	NN
interprets	VBZ
a	DT
link	NN
URL	NNP
according	IN
to	TO
your	PRP$
application	NN
view	NN
navigation	NN
rules	NNS
and	CC
data	NN
state	JJ
.	.

For	NNP
a	DT
more	RBR
detailed	JJ
discussion	NN
,	,
see	NN

Directives	NNS
and	CC
binding	JJ
markup	NN
in	IN
a	DT
component	JJ
template	NN
modify	VB
views	NNS
based	VBD
on	IN
program	NN
data	NN
and	CC
logic	NN
.	.

To	TO
learn	VB
about	IN
more	JJR
tools	NNS
and	CC
techniques	NNS
that	DT
are	VBP
available	JJ
to	TO
help	VB
you	PRP
build	VBP
and	CC
deploy	VBP
Angular	NNP
applications	NNS
,	,
see	NN

When	WRB
a	DT
connection	NN
is	VBZ
established	VBN
it	PRP
usually	RB
means	NN
opening	JJ
a	DT
TCP	NNP
connection	NN
or	CC
Socket	NN
.	.

To	TO
address	VB
this	DT
issues	NNS
usually	RB
a	DT
connection	NN
pool	NN
is	VBZ
a	DT
neat	JJ
solution	NN
.	.

When	WRB
executing	VBG
statements	NNS
using	VBG

If	IN
the	DT
pool	NN
is	VBZ
not	RB
allowed	VBN
to	TO
create	VB
a	DT
new	JJ
connection	NN
,	,
wait	NN
a	DT
for	CC
a	DT
connection	NN
to	TO
become	VB
available	JJ
.	.

If	IN
there	EX
is	VBZ
no	DT

If	IN
it	PRP
is	VBZ
sent	VBN
through	IN
a	DT

connections	NNS
will	MD
be	VB
created	VBN
.	.

seconds	NNS
between	IN
each	DT
try	NN
.	.

We	PRP
will	MD
cover	VB
every	DT
little	JJ
detail	NN
in	IN
the	DT
rest	NN
of	IN
the	DT
documentation	NN
.	.

You	PRP
can	MD
learn	VB
more	RBR
about	IN
the	DT

Try	NN
it	PRP
in	IN
the	DT
Playground	NN

Try	NN
it	PRP
in	IN
the	DT
Playground	NN

It	PRP
is	VBZ
also	RB
more	RBR
beginner-friendly	JJ
by	IN
abstracting	VBG
away	JJ
the	DT
reactivity	NN
details	NNS
and	CC
enforcing	VBG
code	NN
organization	NN
via	IN
option	NN
groups	NNS
.	.

For	NNP
learning	NN
purposes	NNS
,	,
go	NN
with	IN
the	DT
style	NN
that	DT
looks	NNS
easier	JJR
to	TO
understand	VB
to	TO
you	PRP
.	.

Different	JJ
developers	NNS
have	VB
different	JJ
learning	NN
styles	NNS
.	.

Core	VB
dump	NN
contains	VBZ
snapshots	NNS
of	IN
all	DT
tasks	NNS
in	IN
the	DT
system	NN
at	IN
the	DT
moment	RB
of	IN
failure	NN
.	.

User	NN
can	MD
examine	VB
memory	NN
,	,
variables	NNS
and	CC
tasks	NNS
states	NNS
manually	RB
.	.

The	DT
Binary	JJ
format	NN
is	VBZ
kept	VBN
for	CC
compatibility	NN
standpoint	NN
,	,
it	PRP
uses	VBZ
less	CC
space	NN
in	IN
the	DT
memory	NN
to	TO
keep	NN
data	NN
and	CC
provides	VBZ
better	VB
performance	NN
.	.

There	EX
are	VBP
no	DT
special	JJ
requirements	NNS
for	CC
partition	NN
name	NN
.	.

lines	NNS
must	MD
not	RB
be	VB
included	JJ
in	IN
core	NN
dump	NN
text	NN
file	NN
.	.

,	,
then	JJ
save	NN
and	CC
exit	NN
.	.

Build	NN
,	,
flash	NN
and	CC
run	NN
the	DT
application	NN
on	IN
a	DT
target	NN
device	NN
and	CC
wait	NN
for	CC
the	DT
dumping	NN
information	NN
.	.

Otherwise	CC
temporary	JJ
core	JJ
file	NN
will	MD
be	VB
deleted	VBN
.	.

If	IN
no	DT
scheme	NN
prefix	NN
is	VBZ
specified	VBN
or	CC
the	DT
scheme	NN
is	VBZ
unknown	JJ
,	,
the	DT

supported	JJ
by	IN
some	DT
implementations	NNS
.	.

indicates	VBZ
a	DT
name	NN
in	IN
the	DT
abstract	JJ
namespace	NN
.	.

If	IN
not	RB
specified	VBD
,	,
443	CD
is	VBZ
used	VBN
.	.

In	IN
the	DT
future	JJ
,	,
additional	JJ
schemes	NNS
such	DT
as	IN

is	VBZ
designed	VBN
to	TO
be	VB
executable	JJ
efficiently	RB
on	IN
a	DT
variety	NN
of	IN
operating	JJ
systems	NNS
and	CC
instruction	NN
set	NN
architectures	NNS
,	,

Addressable	JJ
at	IN
a	DT
byte	NN
memory	NN
granularity	NN
.	.

processes	NNS
executing	VBG
on	IN
the	DT
same	JJ
machine	NN
.	.

where	WRB
the	DT
set	NN
of	IN
available	JJ
imports	NNS
is	VBZ
defined	VBN
by	IN
the	DT
host	NN
environment	NN
.	.

To	TO
make	NN
code	NN
well-structured	JJ
and	CC
testable	JJ
.	.

However	CC
,	,
incorporating	JJ
as	IN
many	DT
of	IN
these	DT
principles	NNS
as	IN
possible	JJ
should	MD
make	VB
a	DT
project	NN
more	RBR
readable	JJ
,	,
less	CC
error-prone	JJ
,	,
and	CC
faster	NN
to	TO
build	NN
.	.

successfully	RB
on	IN
its	PRP$
stable	JJ
branch	NN
.	.

Either	DT
declare	VB
them	PRP
as	IN
remote	JJ
repositories	NNS
in	IN
the	DT

Generally	RB
this	DT
means	NN
that	DT
,	,
instead	IN
of	IN
depending	VBG
on	IN
a	DT
library	NN

Prefer	VB
building	JJ
all	DT
code	NN
from	IN
head	NN
whenever	CC
possible	JJ
.	.

Every	DT
directory	NN
that	DT
contains	VBZ
buildable	JJ
files	NNS
should	MD
be	VB
a	DT
package	NN
.	.

of	IN
libraries	NNS
,	,
binaries	NNS
,	,
scripts	NNS
,	,
and	CC
data	NN
sets	NNS
,	,
shielding	JJ
you	PRP
from	IN
the	DT

speed	NN
up	IN
your	PRP$
builds	NNS
,	,
you	PRP
can	MD
set	VB
up	IN
your	PRP$
project	NN
to	TO
build	NN
in	IN
a	DT
highly	RB

It	PRP
works	VBZ
with	IN
multiple	JJ
repositories	NNS
and	CC
user	NN
bases	NNS
in	IN
the	DT
tens	JJ

that	DT
configure	VB
the	DT
build	NN
rule	NN
.	.

the	DT
build	NN
to	TO
trace	NN
dependencies	NNS
in	IN
your	PRP$
code	NN
.	.

through	IN
sandboxing	VBG
,	,
minimizing	VBG
skew	JJ
and	CC
maximizing	VBG

Tutorial	JJ
:	:
Build	NN
an	DT
Android	NNP
Application	NN

macro	JJ
and	CC
equivalent	JJ
methods	NNS
,	,
see	NN
:	:
ref	NN
:	:

type	NN
to	TO
return	JJ
error	NN
codes	NNS
.	.

For	NNP
the	DT
complete	JJ
list	NN
of	IN
error	NN
codes	NNS
,	,
see	NN
:	:
doc	NN
:	:

This	DT
is	VBZ
done	VBN
using	VBG

are	VBP
still	RB
defined	VBN
and	CC
can	MD
be	VB
called	VBN
.	.

,	,
then	JJ
an	DT
error	NN
message	NN
is	VBZ
printed	VBN
on	IN
the	DT
console	NN
,	,
and	CC

macro	JJ
was	VBD
called	VBN
,	,
and	CC
the	DT
expression	NN
which	WP
was	VBD
passed	VBN
to	TO
the	DT
macro	NN
as	IN
an	DT
argument	NN
.	.

,	,
it	PRP
prints	VBZ
the	DT
message	NN
,	,
sets	VBZ
the	DT
local	JJ
variable	JJ

macro	JJ
checks	VBZ
the	DT
condition	NN
,	,
if	IN
the	DT
condition	NN
is	VBZ
not	RB
equal	JJ

In	IN
some	DT
middleware	NN
components	NNS
this	DT
means	NN
that	DT
a	DT
function	NN
must	MD
exit	VB
with	IN
the	DT
same	JJ
error	NN
code	NN
,	,
making	NN
sure	JJ
any	DT
resource	NN
allocations	NNS
are	VBP
rolled	VBN
back	JJ
.	.

This	DT
is	VBZ
not	RB
the	DT
best	JJS
practice	NN
for	CC
applications	NNS
,	,
and	CC
is	VBZ
done	VBN
to	TO
make	NN
example	NN
code	NN
more	RBR
concise	JJ
.	.

Amount	NN
of	IN
memory	NN
in	IN
the	DT
emergency	JJ
pool	NN
can	MD
be	VB
set	VBN
using	VBG
:	:
ref	NN
:	:

The	DT
full	JJ
list	NN
of	IN
supported	JJ
boards	NNS
based	VBD
on	IN
these	DT
architectures	NNS
can	MD
be	VB
found	VBN
:	:
ref	NN
:	:

Zephyr	NNP
offers	VBZ
a	DT
large	JJ
and	CC
ever	JJ
growing	NN
number	NN
of	IN
features	NNS
including	VBG
:	:

Cooperative	JJ
and	CC
Preemptive	JJ
Scheduling	VBG

Contributions	NNS
have	VB
added	VBN
support	JJ

monolithic	JJ
image	NN
that	DT
gets	NNS
loaded	JJ
and	CC
executed	VBD
on	IN
a	DT
system	NN
hardware	NN
.	.

of	IN
products	NNS
around	IN
the	DT
home	NN
.	.

file	NN
system	NN
enhancements	NNS
for	CC
logging	NN
and	CC
configuration	NN
.	.

Fundamental	JJ
Terms	NNS
and	CC
Concepts	NNS

This	DT
is	VBZ
now	CC
always	RB
available	JJ
,	,
even	JJ
in	IN
imported	JJ
templates	NNS
.	.

admonition	NN
:	:
:	:
The	DT
Jinja	NNP
Context	NN
Behavior	NN

This	DT
is	VBZ
partially	RB
caused	VBN

that	DT
needs	RB
to	TO
access	VB
the	DT
request	NN
object	NN
you	PRP
have	VB
two	CD
possibilities	NNS
:	:

Importing	NN
with	IN
context	NN
looks	NNS
like	IN
this	DT
:	:

There	EX
are	VBP
three	CD
ways	NNS
to	TO
accomplish	VB
that	DT
:	:

Inside	IN
the	DT
template	NN
,	,
use	NN
the	DT

The	DT
two	CD
following	IN
examples	NNS
work	VBP
the	DT
same	JJ
and	CC
both	DT
reverse	JJ
an	DT
object	NN
:	:
:	:

A	DT
context	NN
processor	NN
is	VBZ
a	DT
function	NN
that	DT
returns	VBZ
a	DT
dictionary	NN
.	.

This	DT
example	NN
is	VBZ
not	RB
very	RB
interesting	JJ
because	IN

You	PRP
could	MD
also	RB
build	VB

is	VBZ
not	RB
sufficient	JJ
anymore	RB
.	.

operator	NN
in	IN
front	NN
of	IN
the	DT
selection	NN
brackets	NNS

is	VBZ
not	RB
sufficient	JJ
anymore	RB
.	.

to	TO
the	DT
first	JJ
3	CD
elements	NNS
of	IN
the	DT
third	JJ
column	NN
:	:

when	WRB
using	VBG
the	DT
row	NN

Follow	VB
these	DT
tips	NNS
to	TO
get	VB
the	DT
best	JJS
out	IN
of	IN
your	PRP$
programs	NNS
,	,
both	DT
in	IN
speed	NN
and	CC
memory	NN
terms	NNS
.	.

Make	NN
sure	JJ
to	TO
always	RB
profile	NN
programs	NNS
by	IN
compiling	VBG
or	CC
running	JJ
them	PRP
with	IN
the	DT

To	TO
print	VB
a	DT
number	NN
to	TO
the	DT
standard	JJ
output	NN
you	PRP
write	VBP
:	:

This	DT
,	,
involves	VBZ
a	DT
heap	NN
memory	NN
allocation	NN
and	CC
gives	VBZ
a	DT
bit	NN
of	IN
work	NN
to	TO
the	DT
GC	NN
.	.

,	,
and	CC
avoid	VB
creating	VBG
intermediate	JJ
strings	NNS
in	IN
that	DT
method	NN
.	.

which	WP
allows	VBZ
to	TO
embed	VB
expressions	NNS
into	IN
a	DT
string	NN
literal	JJ
:	:

Avoid	VB
creating	VBG
temporary	JJ
objects	NNS
over	IN
and	CC
over	IN

Move	NN
the	DT
array	NN
to	TO
a	DT
constant	NN
.	.

The	DT
best	JJS
thing	NN
to	TO
do	VB
is	VBZ
to	TO
only	JJ
use	NN
structs	NNS
with	IN
immutable	JJ
objects	NNS
,	,
especially	RB
if	IN
they	PRP
are	VBP
small	JJ
.	.

can	MD
be	VB
implemented	VBN
in	IN

See	NNP
the	DT
NOTICE	NN
file	NN
.	.
.	.

distributed	VBD
under	IN
the	DT
License	NN
is	VBZ
distributed	VBN
on	IN
an	DT
"	"
AS	IN
IS	NNP
"	"
BASIS	NN
,	,
.	.
.	.

The	DT
conceptual	JJ
domain	NN
includes	VBZ
hotels	NNS
,	,
guests	NNS
that	DT
stay	VBP
in	IN
the	DT
hotels	NNS
,	,
a	DT
collection	NN
of	IN
rooms	NNS
for	CC
each	DT
hotel	NN
,	,
the	DT
rates	NNS
and	CC
availability	NN
of	IN
those	DT
rooms	NNS
,	,
and	CC
a	DT
record	NN
of	IN
reservations	NNS
booked	JJ
for	CC
guests	NNS
.	.

Obviously	RB
,	,
in	IN
the	DT
real	JJ
world	JJ
,	,
there	EX
would	MD
be	VB
many	DT
more	JJR
considerations	NNS
and	CC
much	DT
more	JJR
complexity	NN
.	.

that	DT
is	VBZ
executing	VBG
the	DT
respective	JJ
operation	NN
.	.

clock	NN
indicated	VBD
the	DT
full	JJ
hour	NN
.	.

It	PRP
provides	VBZ
the	DT
best	JJS
performance	NN
and	CC
the	DT

In	IN
event	NN
time	NN
,	,
the	DT
progress	NN
of	IN
time	NN
depends	VBZ
on	IN
the	DT
data	NN
,	,
not	RB
on	IN

As	IN
it	PRP
is	VBZ
only	JJ
possible	JJ
to	TO
wait	NN
for	CC
a	DT
finite	JJ
period	NN
of	IN

an	DT
hourly	JJ
event	NN
time	JJ
window	NN
will	MD
contain	VB
all	DT
records	NNS
that	DT
carry	VBP
an	DT
event	NN

guarantee	NN
that	DT
they	PRP
are	VBP
progressing	VBG
in	IN
a	DT
timely	JJ
fashion	NN
.	.

Watermarks	NNS
in	IN
Parallel	JJ
Streams	NNS

As	IN
the	DT
watermarks	NNS
flow	NN
through	IN
the	DT
streaming	JJ
program	NN
,	,
they	PRP
advance	VBP
the	DT
event	NN
time	NN
at	IN
the	DT
operators	NNS
where	WRB
they	PRP
arrive	VBP
.	.

The	DT
figure	NN
below	IN
shows	VBZ
an	DT
example	NN
of	IN
events	NNS
and	CC
watermarks	NNS
flowing	JJ
through	IN
parallel	JJ
streams	NNS
,	,
and	CC
operators	NNS
tracking	NN
event	NN
time	JJ
.	.

An	DT
LB	NN
policy	NN
is	VBZ
responsible	JJ
for	CC
:	:

,	,
although	IN
they	PRP
are	VBP
not	RB
currently	RB
configurable	JJ
directly	RB
.	.

provides	VBZ
a	DT
configuration	NN
for	CC
that	DT
policy	NN
,	,
and	CC
a	DT
set	NN
of	IN
attributes	NNS

should	MD
attempt	VB
to	TO
connect	VB
.	.

policy	NN
takes	VBZ
a	DT
list	NN
of	IN
addresses	NNS
from	IN
the	DT
resolver	NN
.	.

This	DT
LB	NN
policy	NN
is	VBZ
selected	VBN
via	IN
the	DT
service	JJ
config	NN
.	.

The	DT
intent	NN
was	VBD
that	DT
instead	IN
of	IN
adding	VBG
new	JJ
LB	NN
policies	NNS
directly	CC
in	IN
the	DT
client	NN
,	,
the	DT
client	NN
could	MD
implement	VB
only	JJ
simple	JJ
algorithms	NNS
like	IN

policy	NN
gets	VBZ
the	DT
list	NN
of	IN
addresses	NNS
of	IN
the	DT
balancers	NNS
to	TO
talk	NN
to	TO
via	IN
an	DT
attribute	NN
returned	VBD
by	IN
the	DT
resolver	NN
.	.

The	DT
following	IN
example	NN
shows	NNS
how	WRB
to	TO
open	VB
a	DT
database	NN
,	,
creating	VBG
it	PRP
if	IN
necessary	JJ
:	:

For	NNP
example	NN
,	,
the	DT
following	IN
code	NN
moves	VBZ
the	DT
value	NN
stored	VBD
under	IN

However	CC
,	,
there	EX
are	VBP
some	DT
steps	NNS
you	PRP
can	MD
take	VB
to	TO
limit	VB
the	DT
number	NN
of	IN
sources	NNS
of	IN
nondeterministic	JJ
behavior	NN
for	CC
a	DT
specific	JJ
platform	NN
,	,
device	NN
,	,
and	CC
PyTorch	NNP
release	NN
.	.

PyTorch	NNP
random	JJ
number	NN
generator	NN

If	IN
you	PRP
are	VBP
using	VBG
any	DT
other	JJ
libraries	NNS
that	DT
use	NN
random	JJ
number	NN
generators	NNS
,	,
refer	VB
to	TO
the	DT
documentation	NN
for	CC
those	DT
libraries	NNS
to	TO
see	NN
how	WRB
to	TO
set	NN
consistent	JJ
seeds	NNS
for	CC
them	PRP
.	.

However	CC
,	,
if	IN
you	PRP
do	VBP
not	RB
need	VB
reproducibility	NN
across	IN
multiple	JJ
executions	NNS
of	IN
your	PRP$
application	NN
,	,
then	JJ
performance	NN
might	MD
improve	VB
if	IN
the	DT
benchmarking	NN
feature	NN
is	VBZ
enabled	VBN
with	IN
:	:
code	NN
:	:

for	CC
a	DT
full	JJ
list	NN
of	IN
affected	JJ
operations	NNS
.	.

which	WP
will	MD
make	VB
other	JJ
PyTorch	NNP
operations	NNS
behave	VB
deterministically	RB
,	,
too	RB
.	.

It	PRP
does	VBZ
this	DT
without	IN
making	NN
needless	JJ
copies	NNS
of	IN
data	NN
and	CC
usually	RB
leads	NNS
to	TO
efficient	JJ
algorithm	NN
implementations	NNS
.	.

The	DT
simplest	JJS
broadcasting	NN
example	NN
occurs	VBZ
when	WRB
an	DT
array	NN
and	CC
a	DT
scalar	JJ
value	NN
are	VBP
combined	VBN
in	IN
an	DT
operation	NN
:	:

,	,
as	IN
shown	VBN
in	IN
:	:
ref	NN
:	:

is	VBZ
being	VBG
multiplied	VBN
to	TO
.	.

If	IN
these	DT
conditions	NNS
are	VBP
not	RB
met	VBN
,	,
a	DT

Lining	NN
up	IN
the	DT
sizes	NNS
of	IN
the	DT
trailing	JJ
axes	NNS
of	IN
these	DT
arrays	NNS
according	IN
to	TO
the	DT
broadcast	NN
rules	NNS
,	,
shows	NNS
that	DT
they	PRP
are	VBP
compatible	JJ
:	:
:	:

arrays	NNS
have	VB
axes	NNS
with	IN
length	NN
one	CD
that	DT
are	VBP
expanded	VBN
to	TO
a	DT
larger	JJR
size	NN
during	IN
the	DT
broadcast	NN
operation	NN
:	:
:	:

Here	NNP
are	VBP
some	DT
more	JJR
examples	NNS
:	:
:	:

,	,
an	DT
exception	NN
is	VBZ
raised	VBN
because	IN
of	IN
the	DT
incompatible	JJ
shapes	NNS
.	.

,	,
making	NN
it	PRP
a	DT
two-dimensional	JJ

describe	VB
the	DT
weight	NN
and	CC
height	NN
of	IN
an	DT
athlete	NN
to	TO
be	VB
classified	VBN
.	.

In	IN
this	DT
example	NN
,	,
the	DT

lineman	NN
and	CC
the	DT
athlete	NN
to	TO
be	VB
classified	VBN
.	.

,	,
is	VBZ
a	DT
consequence	NN
of	IN
broadcasting	NN
,	,
not	RB
a	DT
necessity	NN
for	CC
the	DT
calculation	NN
.	.

This	DT
may	MD
also	RB
produce	NN
more	RBR
readable	JJ
code	NN
,	,
as	IN
algorithms	NNS
that	DT
use	NN
broadcasting	NN
tend	VB
to	TO
become	VB
more	RBR
difficult	JJ
to	TO
interpret	VB
as	IN
the	DT
number	NN
of	IN
dimensions	NNS
in	IN
the	DT
broadcast	NN
increases	NNS
.	.

normalize	VB
the	DT
height	NN
and	CC
weight	NN
,	,
often	JJ
by	IN
their	PRP$
standard	JJ
deviation	NN
across	IN
the	DT

This	DT
means	NN
less	CC
time	JJ
writing	NN
boilerplate	NN
and	CC
less	CC
time	JJ
installing	NN
dependencies	NNS
.	.

If	IN
you	PRP
get	NN
an	DT
error	NN
about	IN
wasm	NN
being	NN
linked	VBN
against	IN
a	DT
different	JJ
version	NN
of	IN

are	VBP
another	DT
good	JJ
resource	NN
.	.

Going	NNP
forward	JJ
,	,
we	PRP
recommend	VBP
using	VBG
Trunk	NN
.	.

There	EX
are	VBP
also	RB
two	CD
template	NN
repositories	NNS
.	.

Projects	NNS
built	VBD
in	IN
Seed	NNP
do	VB
use	VB
Rust	NNP

Engineering	NN
Rust	NNP
Web	NNP
Applications	NNS

The	DT
notable	JJ
options	NNS
are	VBP
:	:

You	PRP
will	MD
see	VB
that	DT
session	NN
is	VBZ
resumed	VBN
in	IN
your	PRP$
log	NN
if	IN
resumption	NN
succeeds	VBZ
.	.

The	DT
given	NN
file	NN
is	VBZ
overwritten	VBN
if	IN
it	PRP
already	JJ
exists	VBZ
when	WRB
storing	VBG
a	DT
token	NN
.	.

In	IN
the	DT
case	NN
of	IN
the	DT
example	NN
application	NN
this	DT
would	MD
be	VB

application	NN
is	VBZ
listening	JJ
to	TO
.	.

Make	NN
sure	JJ
to	TO
check	VB
the	DT

The	DT
generator	NN
will	MD
then	JJ
print	JJ
the	DT

Fill	NN
in	IN
the	DT
title	NN
,	,
leave	NN
a	DT
comment	NN
and	CC
click	NN
on	IN

Upgrading	VBG
from	IN
previous	JJ
versions	NNS

The	DT
generated	VBD
status	NN
page	NN
is	VBZ
translated	VBN
via	IN
JavaScript	NNP
on	IN
the	DT
client	NN
side	JJ
using	VBG

Want	NN
to	TO
change	NN
styles	NNS
,	,
the	DT
logo	NN
,	,
or	CC
the	DT
footer	NN
?	?

For	NNP
example	NN
,	,
it	PRP
can	MD
run	VB
or	CC
download	VB
the	DT
version	NN
required	VBD
by	IN
your	PRP$
project	NN
without	IN
you	PRP
having	NN
to	TO
specify	VB
it	PRP
.	.

Here	NNP
we	PRP
start	VBP
with	IN
the	DT
proper	JJ
version	NN
of	IN
Unity	NNP
:	:

which	WP
performs	VBZ
the	DT
fetching	JJ
automatically	RB
and	CC
makes	NNS
retrieving	NN
all	PDT
the	DT
versions	NNS
much	DT
faster	NN
.	.

If	IN
you	PRP
need	MD
a	DT
hotfix	NN
release	NN
,	,
you	PRP
might	MD
need	VB
to	TO
ensure	VB
that	DT
you	PRP
are	VBP
using	VBG
it	PRP
.	.

If	IN
you	PRP
want	VBP
to	TO
add	VB
a	DT
module	NN
to	TO
a	DT
particular	JJ
version	NN
,	,
you	PRP
will	MD
have	VB
to	TO
move	VB
the	DT
unity	NN
you	PRP
are	VBP
trying	VBG
to	TO
extend	VB
to	TO
that	DT
particular	JJ
location	NN

on	IN
Mac	NNP
,	,
versions	NNS
are	VBP
installed	VBN
under	IN

When	WRB
you	PRP
install	VBP
Unity	NNP
with	IN
this	DT
tool	NN
,	,
you	PRP
will	MD
have	VB
to	TO
grant	VB
it	PRP
higher	JJR
privileges	NNS
so	CC
it	PRP
can	MD
perform	VB
the	DT
installation	NN
.	.

Run	NN
a	DT
CLI	NNP
on	IN
the	DT
current	JJ
project	NN
given	NN
the	DT
project	NN
'	'
s	VBZ
configured	VBN
unity	NN
version	NN
,	,
displaying	VBG
prettified	VBD
logs	NNS
,	,
while	IN
keeping	NN
the	DT
original	JJ
logs	NNS
under	IN

Doing	NN
so	RB
is	VBZ
quite	PDT
easy	JJ
,	,
you	PRP
just	JJ
have	VB
to	TO
set	VB
the	DT

Therefore	CC
you	PRP
will	MD
have	VB
to	TO
specify	VB
it	PRP
using	VBG
the	DT

to	TO
activate	VB
the	DT
keychain	NN
while	IN
installing	NN
.	.

,	,
which	WP
lets	NNS
you	PRP
manage	VB
several	JJ
versions	NNS
of	IN
Ruby	NNP
.	.

argument	NN
to	TO
display	NN
stack	NN
traces	NNS
if	IN
a	DT
crash	NN
occurs	VBZ
.	.

A	DT
fix	NN
to	TO
the	DT
issue	NN
stated	JJ
above	IN
has	VBZ
been	VBN
found	VBN
on	IN

BAP	NN
can	MD
be	VB
used	VBN
as	IN
a	DT
framework	NN
with	IN
a	DT
single	JJ

to	TO
make	VB
it	PRP
easier	JJR
to	TO
start	NN
learning	NN
BAP	NN
.	.

Once	CC
it	PRP
is	VBZ
installed	VBN
the	DT
following	IN
three	CD
commands	NNS
should	MD
install	VB
the	DT
platform	NN
in	IN
a	DT
newly	RB
created	VBD
switch	JJ
.	.

and	CC
seek	NN
help	NN
there	RB
.	.

repository	NN
will	MD
take	VB
precedence	NN
over	IN
the	DT
stable	JJ
repository	NN
and	CC
you	PRP
will	MD
get	VB
the	DT
freshly	RB
picked	JJ
BAP	NN
packages	NNS
straight	JJ
from	IN
the	DT
farm	NN
.	.

script	NN
will	MD
help	VB
you	PRP
figure	NN
out	IN
the	DT
missing	JJ
libraries	NNS
.	.

component	JJ
so	CC
that	DT
you	PRP
can	MD
unselect	VB
components	NNS
that	DT
are	VBP
not	RB
relevant	JJ
to	TO
your	PRP$
current	JJ
task	NN
.	.

And	CC
as	IN
always	RB
,	,
drop	NN
by	IN

this	DT
command	NN
will	MD
build	VB
the	DT
control	NN
flow	NN
graph	NN
of	IN
a	DT
program	NN
.	.

is	VBZ
using	VBG
for	CC
its	PRP$

We	PRP
will	MD
start	VB
with	IN
a	DT
simple	JJ
example	NN
,	,
that	DT
registers	NNS
a	DT
disassembling	VBG
pass	NN
to	TO
the	DT
disassemble	VB
command	NN
.	.

we	PRP
will	MD
put	VB
the	DT
following	IN
code	NN
into	IN
it	PRP
:	:

We	PRP
declare	VBP
our	PRP$
extension	NN
use	NN
the	DT

It	PRP
will	MD
load	VB
BAP	NN
libraries	NNS
and	CC
initialize	VB
all	DT
plugins	NNS
for	CC
you	PRP
,	,
so	CC
you	PRP
can	MD
interactively	RB
explore	VB
the	DT
vast	JJ
world	JJ
of	IN
BAP	NN
.	.

We	PRP
will	MD
be	VB
happy	JJ
to	TO
see	VB
you	PRP
in	IN
your	PRP$

You	PRP
can	MD
also	RB
post	VB
your	PRP$
questions	NNS
on	IN

repository	NN
that	DT
is	VBZ
a	DT
collection	NN
of	IN
useful	JJ
BAP	NN
plugins	NNS
that	DT
are	VBP
not	RB
mature	JJ
enough	JJ
to	TO
be	VB
included	VBN
in	IN
the	DT
main	JJ
distribution	NN
.	.

if	IN
you	PRP
would	MD
like	VB
to	TO
become	VB
a	DT
sponsor	NN
or	CC
are	VBP
seeking	VBG
a	DT
deeper	JJR
collaboration	NN
.	.

For	NNP
example	NN
,	,
in	IN
the	DT
medical	JJ
environment	NN
,	,
a	DT
CT	NNP
scan	NN
may	MD
be	VB
aligned	VBN
with	IN
a	DT
MRI	NNP
scan	NN
in	IN
order	NN
to	TO
combine	VB
the	DT
information	NN
contained	JJ
in	IN
both	DT
.	.

Council	NN
,	,
an	DT
educational	JJ
consortium	NN
dedicated	JJ
to	TO
promoting	VBG
and	CC
maintaining	VBG
open-source	JJ
,	,
freely	RB
available	JJ
software	NN
for	CC
medical	JJ
image	NN
analysis	NN
.	.

Published	JJ
2014	CD
Feb	NNP
20	CD
.	.

Oh	NN
My	PRP$
Bash	NNP
is	VBZ
installed	VBN
by	IN
running	VBG
one	CD
of	IN
the	DT
following	IN
commands	NNS
in	IN
your	PRP$
terminal	NN
.	.

For	NNP
example	NN
,	,
this	DT
line	NN
might	MD
begin	VB
to	TO
look	NN
like	IN
this	DT
:	:

We	PRP
have	VB
over	IN
one	CD
hundred	CD
themes	NNS
now	RB
bundled	VBD
.	.

To	TO
use	VB
a	DT
different	JJ
theme	NN
,	,
simply	RB
change	NN
the	DT
value	NN
to	TO
match	VB
the	DT
name	NN
of	IN
your	PRP$
desired	JJ
theme	NN
.	.

The	DT
default	NN
location	NN
is	VBZ

You	PRP
can	MD
create	VB
a	DT
new	JJ
sh	UH
config	NN
file	NN
by	IN
copying	VBG
the	DT
template	NN
that	DT
we	PRP
have	VB
included	VBN
for	CC
you	PRP
.	.

If	IN
you	PRP
installed	VBD
manually	RB
or	CC
changed	VBD
the	DT
install	VB
location	NN
,	,
check	JJ
the	DT

If	IN
you	PRP
would	MD
like	VB
to	TO
override	VB
the	DT
functionality	NN
of	IN
a	DT
plugin	NN
distributed	VBD
with	IN
Oh	NN
My	PRP$
Bash	NNP
,	,
create	VB
a	DT
plugin	NN
of	IN
the	DT
same	JJ
name	NN
in	IN
the	DT

to	TO
automatically	RB
upgrade	VB
itself	PRP
without	IN
prompting	NN
you	PRP
,	,
set	NN
the	DT
following	NN
in	IN
your	PRP$

It	PRP
will	MD
remove	VB
itself	PRP
and	CC
revert	VB
your	PRP$
previous	JJ

Thank	VB
you	PRP
so	RB
much	DT
!	!

Support	JJ
me	PRP
by	IN
one-time	RB
tier	NN

Wide	JJ
color	JJ
editing	NN
supported	JJ

See	NNP
the	DT
LICENSE	NN
file	NN
for	CC
more	JJR
info	NN
.	.

It	PRP
connects	VBZ
with	IN
clients	NNS
,	,
listens	VBZ
for	CC
requesting	VBG
,	,
and	CC
executes	VBZ
request	NN
commands	NNS
on	IN
a	DT
mobile	JJ
device	NN
,	,
and	CC
a	DT
desktop	JJ
browser	NN
,	,
responses	NNS
with	IN
results	NNS
conforming	JJ
HTTP	NNP
response	NN
protocol	NN
.	.

is	VBZ
written	VBN
in	IN
Swift	NNP
and	CC
built	VBD
in-house	JJ
.	.

Reliable	JJ
is	VBZ
a	DT
testing	NN
management	NN
suite	NN
with	IN
continuous	JJ
delivery	NN
support	JJ
.	.

It	PRP
is	VBZ
recommended	VBN
to	TO
get	NN
started	VBD
from	IN
the	DT

Below	IN
,	,
we	PRP
list	VBP
the	DT
checkers	NNS
implemented	JJ
by	IN
the	DT
package	NN
in	IN
alphabetical	JJ
order	NN
.	.

See	NNP
also	RB
Any	DT
and	CC
Contains	VBZ
.	.

Contains	VBZ
checks	NNS
that	DT
a	DT
map	NN
,	,
slice	NN
,	,
array	NN
or	CC
string	NN
contains	VBZ
a	DT
value	NN
.	.

This	DT
is	VBZ
analogous	JJ
to	TO
calling	NN
errors	NNS
.	.
As	IN
.	.

The	DT
value	NN
must	MD
have	VB
a	DT
boolean	JJ
underlying	JJ
type	NN
.	.

The	DT
testing	NN
.	.
TB	NNP
.	.
Cleanup	JJ
helper	NN
provides	VBZ
the	DT
ability	NN
to	TO
defer	VB
the	DT
execution	NN
of	IN
functions	NNS
that	DT
will	MD
be	VB
run	NN
when	WRB
the	DT
test	NN
completes	VBZ
.	.

Multiple	JJ
conventions	NNS
can	MD
be	VB
mixed	VBN
within	IN
a	DT
single	JJ
file	NN
.	.

Whether	CC
converting	NN
or	CC
checking	VBG
,	,
a	DT
report	NN
is	VBZ
given	NN
on	IN
the	DT
original	JJ
state	NN
of	IN
line	NN
endings	NNS
that	DT
were	VBD
found	VBN
.	.

In	IN
particular	JJ
to	TO
:	:

Using	VBG
Quart	NN
you	PRP
can	MD
,	,

A	DT
minimal	JJ
Quart	NN
example	NN
is	VBZ
,	,

Quart	NN
is	VBZ
developed	VBN
on	IN

graphs	NNS
described	VBD
in	IN
the	DT

Panning	NN
and	CC
zooming	VBG
the	DT
graph	NN
.	.

Draw	NN
edges	NNS
between	IN
nodes	NNS
.	.

Automatic	JJ
update	NN
of	IN
the	DT
graph	NN
when	WRB
the	DT
DOT	NN
source	NN
is	VBZ
edited	VBN
.	.

All	DT
known	NN
bugs	NNS
and	CC
enhancement	NN
requests	NNS
are	VBP
reported	VBN
as	IN
issues	NNS
on	IN

There	EX
are	VBP
numerous	JJ
cool	JJ
features	NNS
missing	JJ
.	.

This	DT
is	VBZ
not	RB
expected	VBN
to	TO
change	VB
in	IN
the	DT
near	JJ
future	JJ
.	.

To	TO
speed	NN
up	IN
optimization	NN
on	IN
large	JJ
models	NNS
with	IN
constraints	NNS
,	,
it	PRP
helps	VBZ
to	TO
have	VB

Helping	NN
improve	VB
the	DT
documentation	NN
.	.

is	VBZ
the	DT
dependent	JJ
variable	JJ
,	,
and	CC

The	DT
result	NN
is	VBZ
a	DT
very	JJ
flexible	JJ
model	NN
,	,
where	WRB
it	PRP
is	VBZ
easy	JJ
to	TO
incorporate	VB
prior	JJ
knowledge	NN
and	CC
control	NN
overfitting	VBG
.	.

Fix	NN
the	DT
bug	NN
that	DT
some	DT
versions	NNS
of	IN
go	NN
typeface	NN
management	NN
list	NN
report	NN
errors	NNS
.	.

Fix	NN
the	DT
bug	NN
that	DT
creates	VBZ
a	DT
new	JJ
mongo	NN
connection	NN
when	WRB
request	NN
.	.

Fix	NN
the	DT
bug	NN
of	IN
deleting	VBG
script	NN
.	.

the	DT
problem	NN
of	IN
depth	NN
conflict	NN
.	.

in	IN
the	DT
source	NN
code	NN
.	.

Fix	NN
particle	NN
emitter	NN
bug	NN
.	.

Scene	NN
history	NN
and	CC
logs	NNS

plane	JJ
,	,
cube	NN
,	,
circle	NN
,	,
cylinder	NN
,	,
sphere	NN
,	,
icosahedron	NN
,	,
torus	NN
,	,
torus	NN
knot	NN
,	,
teapot	NN
,	,
lathe	NN

point	NN
light	NN
,	,
hemispherical	JJ
light	JJ
,	,
rect	NN
area	NN
light	JJ
helper	NN

Publish	VB
scene	NN
as	IN
static	JJ
resources	NNS
,	,
and	CC
can	MD
be	VB
embedded	VBN
in	IN
iframe	NN

Window	NN
:	:
Alert	NN
,	,
Confirm	VB
,	,
Message	NN
,	,
Photo	NN
,	,
Prompt	JJ
,	,
Toast	NN
,	,
Video	JJ
,	,
Window	NN

You	PRP
can	MD
use	VB
git	NN
to	TO
download	VB
the	DT
source	NN
code	NN
.	.

to	TO
build	VB
the	DT
server	NN
and	CC
web	NN
.	.

and	CC
unzip	VB
it	PRP
in	IN
the	DT

You	PRP
can	MD
also	RB
manage	VB
this	DT
service	NN
in	IN
the	DT

to	TO
auto	NN
start	NN
service	JJ
.	.

If	IN
required	VBD
,	,
you	PRP
can	MD
add	VB
the	DT
files	NNS
or	CC
directories	NNS
to	TO
be	VB
ignored	VBN
to	TO
the	DT

The	DT
server	NN
will	MD
decompress	VB
and	CC
put	NN
it	PRP
in	IN
the	DT

You	PRP
can	MD
add	VB
a	DT

,	,
it	PRP
is	VBZ
recommended	VBN
to	TO
use	NN

,	,
and	CC
git	NN
client	NN
already	JJ
contains	VBZ
one	CD
;	;
Open	NNP

Thanks	NNS
to	TO
the	DT
following	IN
open	JJ
source	NN
projects	NNS
.	.

for	CC
details	NNS
on	IN
these	DT
features	NNS
.	.

The	DT
config	NN
file	NN
will	MD
not	RB
be	VB
created	VBN
automatically	RB
.	.

A	DT
data	NN
item	JJ
which	WP
represent	VB
a	DT
stock	JJ
quote	NN
may	MD
implement	VB
the	DT
following	IN
traits	NNS
:	:

So	RB
far	JJ
there	EX
are	VBP
the	DT
following	IN
indicators	NNS
available	JJ
.	.

A	DT
game	JJ
framework	NN
written	VBN
with	IN

code	NN
that	DT
is	VBZ
deemed	VBN
useful	JJ
to	TO
other	JJ
game	JJ
projects	NNS
will	MD
live	JJ
in	IN
this	DT
framework	NN
project	NN
.	.

When	WRB
running	JJ
on	IN
Windows	NNP
7	CD
or	CC
8	CD
.	.
1	CD
,	,

Contributions	NNS
can	MD
be	VB
made	VBN
via	IN
pull	NN
requests	NNS
to	TO
this	DT
repository	NN
.	.

Note	NN
that	DT
while	IN
we	PRP
already	JJ
have	VB
certain	JJ
standards	NNS
in	IN
place	NN
,	,
nothing	RB
is	VBZ
set	VBN
in	IN
stone	JJ
.	.

This	DT
framework	NN
is	VBZ
licensed	VBN
under	IN
the	DT

The	DT
newest	JJS
version	NN
3	CD
.	.
4	CD
comes	NN
with	IN
general	JJ
performance	NN
and	CC
compatibility	NN
improvements	NNS
.	.

Performance	NN
tuning	NN
and	CC
benchmarks	NNS

The	DT
Go	NN
gopher	NN
is	VBZ
covered	VBN
by	IN
the	DT

We	PRP
have	VB
adopted	VBN
the	DT
Contributor	NN
Covenant	NNP
to	TO
be	VB
our	PRP$

Read	NNP
Amber	NNP
CLI	NNP
commands	VBZ
usage	NN

build	NN
and	CC
deploy	VB
docker	NN
image	NN
:	:

Write	VB
and	CC
execute	VB
specs	NNS
and	CC
formatting	VBG
checks	NNS

What	WP
Is	NNP
It	PRP
?	?

Can	MD
be	VB
accessed	VBN
by	IN
keyboard	NN
only	JJ
while	IN
mouse	NN
is	VBZ
also	RB
supported	VBN
.	.

Just	NNP
see	NN
this	DT
GIF	NN
demonstration	NN
below	IN
:	:

For	NNP
more	JJR
information	NN
,	,
please	RB
see	NN
the	DT

You	PRP
can	MD
search	VB
items	NNS
with	IN

Prompt	JJ
user	NN
to	TO
input	VB
a	DT
string	NN
in	IN
a	DT
TUI	NNP
box	NN
:	:

Display	NN
vim	NN
help	NN
with	IN
syntax	NN
highlighting	VBG
in	IN
the	DT

Sometimes	RB
I	PRP
just	JJ
want	NN
a	DT
glimpse	NN
to	TO
the	DT
definition	NN
of	IN
the	DT
current	JJ
word	NN
under	IN
cursor	NN
without	IN
actually	RB
open	JJ
that	DT
file	NN
,	,
the	DT

It	PRP
returns	VBZ
the	DT
number	NN
of	IN
the	DT
choice	NN
.	.

Who	WP
Am	NNP
I	PRP
?	?

Finally	RB
I	PRP
realise	VBP
,	,
maybe	JJ
,	,
it	PRP
is	VBZ
possible	JJ
to	TO
bring	VB
some	DT
cool	JJ
things	NNS
from	IN
25	CD
years	NNS
ago	IN
to	TO
vim	NN
now	JJ
.	.

Unlimited	JJ
nested	VBD
group	NN
routers	NNS
.	.

Better	NN
router	NN
layer	NN
and	CC
less	CC
reflection	NN
make	VBP
faster	RB
speed	NN
.	.

:	:
The	DT
open	JJ
platform	NN
for	CC
beautiful	JJ
analytics	NN
and	CC
monitoring	NN

This	DT
project	NN
is	VBZ
under	IN
the	DT
Apache	NNP
License	NN
,	,
Version	NNP
2	CD
.	.
0	CD
.	.

Live	JJ
stats	NNS
with	IN
memory	NN
and	CC
CPU	NNP
usage	NN

Also	NNP
,	,
mount	NN
the	DT
Docker	NN
Unix	NNP
socket	NN
with	IN

as	IN
well	NN
,	,
please	RB
check	JJ
the	DT
official	NN
docker	NN

See	NNP
env	NN
variables	NNS
below	IN
for	CC
using	VBG

Configurations	NNS
can	MD
use	VB
the	DT
CLI	NNP
flags	NNS
or	CC
environment	NN
variables	NNS
.	.

header	NN
which	WP
should	MD
stop	VB
reverse	JJ
proxies	NNS
buffering	VBG
.	.

Analytics	NN
is	VBZ
anonymous	JJ
usage	NN
tracking	NN
of	IN
the	DT
features	NNS
which	WP
are	VBP
used	VBN
the	DT
most	NN
.	.

that	DT
can	MD
be	VB
used	VBN
to	TO
search	NN
containers	NNS
by	IN
name	NN
and	CC
then	JJ
forward	JJ
to	TO
that	DT
container	NN
.	.

To	TO
Build	VB
and	CC
test	VB
locally	RB
:	:

and	CC
is	VBZ
able	JJ
to	TO
run	VB
many	DT

Additionally	RB
,	,
development	NN
impedance	NN
is	VBZ
much	DT
lower	VB
.	.

Among	IN
practical	JJ
use	NN
cases	NNS
we	PRP
can	MD
list	VB

See	NNP
good	JJ
usage	NN
examples	NNS
on	IN

path	NN
to	TO
temp	JJ
folder	NN

google	VB
analytics	NN
key	JJ
for	CC
the	DT
front	JJ
end	NN

Bucket	NN
to	TO
use	NN
within	IN
the	DT
project	NN

number	NN
of	IN
days	NNS
after	IN
the	DT
uploads	NNS
are	VBP
purged	VBN
automatically	RB

Afterwards	RB
continue	VB
either	DT
in	IN
CLI	NNP
or	CC
within	IN
the	DT
Browser	NN
.	.

A	DT
fast	JJ
and	CC
simple	JJ
progress	NN
bar	JJ
for	CC
Jupyter	NNP
Notebook	NN
and	CC
console	NN
.	.

add	VB
a	DT
comment	NN
in	IN
the	DT
first	JJ
bar	JJ
by	IN
changing	VBG
the	DT
value	NN
of	IN

It	PRP
will	MD
create	VB
the	DT
figure	NN
on	IN
its	PRP$
first	JJ
use	NN
.	.

If	IN
the	DT
script	NN
using	VBG
this	DT
is	VBZ
executed	VBN
with	IN
a	DT
redirect	NN
to	TO
a	DT
file	NN
,	,
only	JJ
the	DT
results	NNS
of	IN
the	DT

And	CC
here	RB
is	VBZ
an	DT
emulation	NN
of	IN
a	DT
training	NN
loop	NN
that	DT
uses	VBZ
this	DT
function	NN
:	:

For	NNP
more	JJR
screenshots	NNS
,	,
see	NN

,	,
but	CC
this	DT
can	MD
be	VB
changed	VBN
by	IN
specifying	VBG
the	DT

Why	CC
is	VBZ
your	PRP$
application	NN
slow	JJ
?	?

You	PRP
could	MD
pinpoint	VB
performance	NN
bottlenecks	NNS
,	,
you	PRP
could	MD
understand	VB
what	WP
happened	VBD
when	WRB
,	,
who	WP
called	JJ
what	WP
.	.

Logging	NN
within	IN
a	DT
single	JJ
process	NN
.	.

:	:
alt	JJ
:	:
Read	NNP
the	DT
Docs	NNS
.	.
.	.

Full	JJ
documentation	NN
is	VBZ
available	JJ
on	IN

Then	JJ
you	PRP
might	MD
be	VB
more	RBR
interested	JJ
in	IN
using	VBG

For	NNP
Bottle	NN
there	RB
is	VBZ

Check	JJ
the	DT
LICENSE	NN
file	NN
for	CC
full	JJ
details	NNS
.	.

Note	NN
on	IN
Python	NNP
Version	NNP
Compatibility	NN

:	:
alt	JJ
:	:
Black	NN
formatted	VBD
.	.
.	.

returns	VBZ
a	DT
list	NN
of	IN
dictionaries	NNS
containing	VBG
all	DT
of	IN
the	DT

If	IN
you	PRP
want	VBP
a	DT
scraper	NN
for	CC
a	DT
new	JJ
site	NN
added	JJ

to	TO
be	VB
used	VBN
with	IN
the	DT
test	JJ
class	NN
.	.

If	IN
you	PRP
have	VB
Go	NN
1	CD
.	.
11	CD
you	PRP
can	MD
also	RB
do	VB
:	:

There	EX
are	VBP
a	DT
few	JJ
keyboard	NN
shortcuts	NNS
useful	JJ
for	CC
debugging	VBG
:	:

Sprites	NNS
near	IN
edge	VBP
of	IN
screen	NN
not	RB
drawing	NN

White	JJ
screen	NN
when	WRB
off	IN

Here	NNP
is	VBZ
the	DT
source	NN
code	NN
for	CC
a	DT
HTML5	SYM
project	NN
that	DT
implements	VBZ
a	DT
machine	NN
learning	NN
algorithm	NN
in	IN
the	DT
Flappy	JJ
Bird	NNP
video	JJ
game	NN
using	VBG
neural	JJ
networks	NNS
and	CC
a	DT
genetic	JJ
algorithm	NN
.	.

All	DT
code	NN
is	VBZ
written	VBN
in	IN
HTML5	SYM
using	VBG

a	DT
hidden	JJ
layer	NN
with	IN
6	CD
neurons	NNS

The	DT
Main	NNP
Concept	NNP
of	IN
Machine	NN
Learning	NN

go	NN
back	JJ
to	TO
the	DT
step	NN
2	CD

It	PRP
consists	VBZ
of	IN
the	DT
following	IN
classes	NNS
:	:

,	,
extended	JJ
Phaser	NNP
Sprite	NN
class	NN
to	TO
represent	VB
a	DT
Tree	NNP
sprite	NN
.	.

mountebank	NN
is	VBZ
the	DT
only	JJ
open	JJ
source	NN
service	JJ
virtualization	NN
tool	NN
that	DT
competes	VBZ
with	IN
the	DT
commercial	JJ
offerings	NNS
in	IN
terms	NNS
of	IN
protocol	NN
diversity	NN
,	,
capability	NN
,	,
and	CC
performance	NN
.	.

There	EX
are	VBP
a	DT
number	NN
of	IN

After	IN
installing	NN
and	CC
running	JJ
,	,
view	NN
the	DT
docs	NNS
in	IN
your	PRP$
browser	NN
at	IN

for	CC
any	DT
support	JJ
questions	NNS
.	.

Several	JJ
other	JJ
test	JJ
configurations	NNS
exist	VB
.	.

I	PRP
make	VBP
a	DT
good	JJ
faith	NN
effort	NN
to	TO
monitor	NN
conversations	NNS
in	IN
the	DT

Linux	NNP
users	NNS
may	MD
have	VB
to	TO
run	NN

For	NNP
a	DT
complete	JJ
list	NN
of	IN
features	NNS
use	VBP
the	DT

Build	NN
the	DT
React	NNP
SPA	NN
and	CC
compile	VB
binaries	NNS
for	CC
multiple	JJ
platforms	NNS
.	.

protocols	NNS
work	JJ
and	CC
write	VB
custom	JJ
implementations	NNS
.	.

The	DT
backup	JJ
can	MD
be	VB
stored	VBN
on	IN

Once	RB
installed	VBD
taking	JJ
a	DT
backup	NN
of	IN
your	PRP$
files	NNS
and	CC
databases	NNS
is	VBZ
very	RB
easy	JJ
.	.

notified	VBD
via	IN
several	JJ
channels	NNS

We	PRP
invest	VBP
a	DT
lot	NN
of	IN
resources	NNS
into	IN
creating	VBG

We	PRP
publish	VBP
all	DT
received	VBD
postcards	NNS
on	IN

documentation	NN
on	IN
version	NN
3	CD

on	IN
our	PRP$
company	NN
website	NN

Read	NNP
this	DT
document	NN
in	IN
:	:

Organize	VB
tasks	NNS
&	SYM
notes	NNS
to	TO
boards	NNS

Archive	NN
&	SYM
restore	VB
deleted	VBD
items	NNS

environment	NN
variable	JJ
instead	IN
of	IN
the	DT
generic	JJ

To	TO
reset	NN
back	JJ
to	TO
the	DT
default	NN
values	NNS
,	,
simply	RB
delete	VB
the	DT
config	NN
file	NN
from	IN
your	PRP$
home	JJ
directory	NN
.	.

Display	NN
progress	NN
overview	NN
below	IN
the	DT
timeline	NN
and	CC
board	NN
views	NNS
.	.

To	TO
create	VB
a	DT
new	JJ
note	NN
use	NN
the	DT

As	IN
a	DT
result	NN
the	DT
newly	RB
created	VBD
item	JJ
will	MD
belong	VB
to	TO
all	DT
of	IN
the	DT
given	NN
boards	NNS
.	.

status	NN
of	IN
the	DT
given	NN
tasks	NNS
,	,
thus	JJ
checking	VBG
a	DT
complete	JJ
task	NN
will	MD
render	VB
it	PRP
as	IN
pending	VBG
and	CC
a	DT
pending	VBG
task	NN
as	IN
complete	JJ
.	.

To	TO
mark	VB
one	CD
or	CC
more	JJR
items	NNS
as	IN
favorite	JJ
,	,
use	NN
the	DT

option	NN
followed	VBD
by	IN
the	DT
ids	NNS
of	IN
the	DT
target	NN
items	NNS
.	.

To	TO
set	VB
a	DT
priority	NN
level	NN
for	CC
a	DT
task	NN
while	IN
initializing	VBG
it	PRP
,	,
include	VB
the	DT

Note	NN
that	DT
the	DT
order	NN
in	IN
which	WP
the	DT
target	NN
id	NN
and	CC
priority	NN
level	NN
are	VBP
placed	VBN
is	VBZ
not	RB
significant	JJ
.	.

can	MD
be	VB
accessed	VBN
through	IN
the	DT

Note	NN
that	DT
deleted	VBD
items	NNS
are	VBP
automatically	RB
archived	VBN
,	,
and	CC
can	MD
be	VB
inspected	VBN
or	CC
restored	VBD
at	IN
any	DT
moment	NN
.	.

option	NN
has	VBZ
no	DT
available	JJ
shorter	JJR
alias	JJ
.	.

option	NN
followed	VBD
by	IN
the	DT
ids	NNS
of	IN
the	DT
target	NN
items	NNS
.	.

option	NN
followed	VBD
by	IN
the	DT
desired	JJ
attributes	NNS
.	.

The	DT
by	IN
default	NN
supported	VBD
listing	NN
attributes	NNS
,	,
together	JJ
with	IN
their	PRP$
respective	JJ
aliases	NNS
,	,
are	VBP
the	DT
following	NN
;	;

Fork	NN
the	DT
repository	NN
and	CC
clone	NN
it	PRP
to	TO
your	PRP$
machine	NN

Most	JJS
prompts	NNS
are	VBP
cluttered	VBN
,	,
ugly	JJ
and	CC
slow	JJ
.	.

Command	NN
execution	NN
time	NN
will	MD
be	VB
displayed	VBN
if	IN
it	PRP
exceeds	VBZ
the	DT
set	NN
threshold	NN
.	.

Makes	NNS
an	DT
excellent	JJ
starting	JJ
point	NN
for	CC
your	PRP$
own	JJ
custom	JJ
prompt	NN
.	.

The	DT
max	NN
execution	NN
time	NN
of	IN
a	DT
process	NN
before	IN
its	PRP$
run	NN
time	NN
is	VBZ
shown	VBN
when	WRB
it	PRP
exits	VBZ
.	.

Defines	VBZ
the	DT
prompt	JJ
symbol	NN
.	.

Defines	VBZ
the	DT
git	NN
stash	NN
symbol	NN
.	.

You	PRP
can	MD
enable	VB
it	PRP
with	IN
:	:

A	DT
decimal	JJ
integer	NN
corresponding	JJ
to	TO
the	DT
color	JJ
index	NN
of	IN
your	PRP$
terminal	NN
.	.

The	DT
color	JJ
names	NNS
,	,
their	PRP$
default	NN
,	,
and	CC
what	WDT
part	JJ
they	PRP
affect	NN
are	NN
:	:

The	DT
correct	JJ
way	NN
is	VBZ
to	TO
use	VB
a	DT

It	PRP
only	JJ
allows	VBZ
you	PRP
to	TO
specify	VB
colors	NNS
in	IN
a	DT
more	RBR
convenient	JJ
way	NN
.	.

No	DT
need	NN
to	TO
install	VB
it	PRP
.	.

Not	RB
intended	JJ
to	TO
have	VB
feature	NN
parity	NN
.	.

Because	IN
its	PRP$
fun	JJ
and	CC
why	CC
not	RB
!	!

Help	NN
with	IN
this	DT
would	MD
be	VB
greatly	RB
appreciated	VBN
!	!

To	TO
start	VB
the	DT
editor	NN
run	NN

The	DT
following	IN
keyboard	NN
bindings	NNS
are	VBP
also	RB
available	JJ
:	:

move	NN
one	CD
word	VB
backward	JJ

move	NN
to	TO
start	NN
of	IN
line	NN

For	NNP
example	NN
,	,
we	PRP
need	VBP
to	TO
get	VB
an	DT
updatable	JJ
package	NN
,	,
We	PRP
have	VB
to	TO
execute	VB
the	DT
following	IN
command	NN
:	:

UPT	NNP
only	JJ
provides	VBZ
a	DT
unified	JJ
interface	NN
,	,
and	CC
the	DT
package	JJ
management	NN
function	NN
is	VBZ
implemented	VBN
by	IN
calling	VBG
the	DT
system	NN
native	JJ
tools	NNS
.	.

In	IN
order	NN
to	TO
use	NN

If	IN
you	PRP
are	VBP
a	DT
person	NN
familiar	JJ
with	IN

is	VBZ
written	VBN
in	IN
the	DT
rust	NN
language	NN
and	CC
posted	VBD
to	TO

List	NNP
all	DT
installed	VBD
packages	NNS

package	JJ
management	NN
tool	NN
used	JJ
by	IN
your	PRP$
system	NN
.	.

commands	NNS
that	DT
can	MD
be	VB
replaced	VBN

BrowserStack	NNP
for	CC
cross	JJ
browser	NN
testing	NN
:	:

Welcome	JJ
banner	JJ
after	IN
web	NN
terminal	JJ
opened	JJ

error	NN
message	NN
if	IN
success	NN
is	VBZ
false	JJ

Open	NNP
web	NN
terminal	JJ
with	IN
token	JJ
fetched	VBD
from	IN
API	NNP

Corrupt	JJ
input	NN
global	JJ
header	NN

Input	NN
file	NN
is	VBZ
a	DT
directory	NN

Input	NN
file	NN
size	NN
is	VBZ
smaller	JJR
than	IN
24	CD
bytes	NNS

Corrupt	JJ
input	NN
global	JJ
header	NN

Input	NN
file	NN
is	VBZ
a	DT
directory	NN

Support	JJ
HLS	NNP
specs	NNS
up	IN
to	TO
version	NN
5	CD
of	IN
the	DT
protocol	NN
.	.

for	CC
the	DT
full	JJ
text	NN
.	.

Then	JJ
you	PRP
get	NN
filled	JJ
with	IN
parsed	VBD
data	NN
structures	NNS
.	.

structure	NN
with	IN
slice	NN
of	IN

You	PRP
must	MD
implement	VB
both	PDT
the	DT

Library	NN
has	VBZ
compact	JJ
code	NN
and	CC
bundled	VBD
in	IN
three	CD
files	NNS
:	:

There	EX
are	VBP
four	CD
distinct	JJ
types	NNS
of	IN
plugins	NNS
:	:

Consider	VB
looking	JJ
at	IN
the	DT

FreeBSD	NNP
11	CD
.	.
2	CD
or	CC
later	JJ

from	IN
the	DT
source	NN
directory	NN

There	EX
are	VBP
many	DT
ways	NNS
to	TO
contribute	VB
:	:

for	CC
more	JJR
information	NN
and	CC

Similarly	RB
,	,
you	PRP
can	MD
run	VB
an	DT
example	NN
by	IN
invoking	VBG

Just	NNP
install	VB
DMD	NNP
using	VBG
the	DT
installer	NN
on	IN

Install	VB
DMD	NNP
using	VBG
the	DT
installer	NN
on	IN

Switching	NN
between	IN
OpenSSL	NNP
versions	NNS

If	IN
only	JJ
a	DT
single	JJ
argument	NN
is	VBZ
provided	VBN
,	,
the	DT
initial	JJ
commit	NN
is	VBZ
rendered	VBN
.	.

Wrap	JJ
in	IN
a	DT
shell	JJ
function	NN
or	CC
script	NN
to	TO
run	NN

Validating	JJ
a	DT
Scala	NNP
compiler	NN
nightly	JJ

The	DT
following	IN
options	NNS
are	VBP
available	JJ
:	:

Matching	JJ
files	NNS
will	MD
be	VB
excluded	VBN
and	CC
matching	JJ
directories	NNS
will	MD
not	RB
be	VB
traversed	VBN
into	IN
.	.

Turn	NN
on	IN
ASCII	NNP
line	NN
graphics	NN
.	.

At	IN
a	DT
minimum	JJ
,	,
please	RB
include	VB
in	IN
your	PRP$
description	NN
the	DT
exact	JJ
version	NN
of	IN
the	DT
driver	NN
that	DT
you	PRP
are	VBP
using	VBG
.	.

An	DT
example	NN
of	IN
an	DT
enhancement	NN
is	VBZ
a	DT
method	NN
or	CC
class	NN
added	JJ
to	TO
support	JJ
new	JJ
functionality	NN
added	JJ
to	TO
the	DT
MongoDB	NNP
server	NN
.	.

They	PRP
can	MD
be	VB
modified	VBN
in	IN
any	DT
way	NN
,	,
or	CC
even	RB
removed	JJ
,	,
at	IN
any	DT
time	NN
.	.

packages	NNS
is	VBZ
considered	VBN
private	JJ
API	NNP
and	CC
should	MD
not	RB
be	VB
relied	VBN
upon	IN
at	IN
all	DT
.	.

A	DT
couple	NN
of	IN
manual	JJ
configuration	NN
steps	NNS
are	VBP
required	VBN
to	TO
run	VB
the	DT
code	NN
in	IN
IntelliJ	NNP
:	:

Copy	NN
ranges	NNS
of	IN
packets	NNS
to	TO
the	DT
clipboard	NN
from	IN
the	DT
terminal	JJ

For	NNP
a	DT
summary	NN
of	IN
updates	NNS
,	,
see	NN
the	DT

options	NNS
,	,
nor	CC
does	NNS
it	PRP
support	JJ
anything	NN
like	IN

in	IN
the	DT
replacement	NN
string	NN
.	.

also	RB
offers	VBZ
a	DT
usability	NN
improvement	NN
over	IN

does	NNS
its	PRP$
own	JJ
parallel	JJ
directory	NN
traversal	NN
internally	RB
,	,
so	RB
doing	NN

On	IN
the	DT
other	JJ
hand	NN
,	,
we	PRP
would	MD
like	VB
to	TO
avoid	VB
taking	JJ
a	DT
direct	JJ

crate	NN
to	TO
walk	VB
the	DT
given	NN
directory	NN
hierarchy	NN
using	VBG
multiple	JJ
threads	NNS
in	IN
parallel	NN
while	IN
respecting	IN

The	DT
modern	JJ
and	CC
developer	NN
centric	JJ
Python	NNP
web	NN
framework	NN
that	DT
strives	VBZ
for	CC
an	DT
actual	JJ
batteries	NNS
included	JJ
developer	NN
tool	NN
with	IN
a	DT
lot	NN
of	IN
out	IN
of	IN
the	DT
box	NN
functionality	NN
with	IN
an	DT
extremely	RB
extendable	JJ
architecture	NN
.	.

Service	NNP
Providers	NNS
to	TO
easily	RB
add	VB
functionality	NN
to	TO
the	DT
framework	NN

Please	VB
first	JJ
read	NN
the	DT

Contributing	VBG
to	TO
Masonite	NNP
is	VBZ
simple	JJ
:	:

Follow	VB
Masonite	NNP
Framework	NNP
on	IN
Twitter	NNP

All	DT
security	NN
vulnerabilities	NNS
will	MD
be	VB
promptly	RB
addressed	VBN
.	.

Pick	NN
one	CD
of	IN
the	DT
available	JJ

,	,
so	RB
be	VB
sure	JJ
to	TO
check	VB
it	PRP
out	IN
.	.

If	IN
you	PRP
would	MD
rather	RB
use	VB
an	DT
older	JJR
version	NN
of	IN
the	DT
framework	NN
,	,
you	PRP
should	MD
head	VB
over	IN
to	TO

,	,
which	WP
allows	VBZ
you	PRP
to	TO
customize	VB
almost	RB
everything	NN
.	.

and	CC
we	PRP
will	MD
be	VB
with	IN
you	PRP
shortly	RB
.	.

Have	VB
you	PRP
developed	VBN
a	DT
module	NN
for	CC
the	DT
framework	NN
?	?

Selfie	NN
is	VBZ
a	DT
project	NN
of	IN
the	DT

The	DT
common	JJ
theme	NN
is	VBZ
to	TO
identify	VB
and	CC
resolve	VB
self-reference	NN
in	IN
systems	NNS
code	NN
which	WP
is	VBZ
seen	VBN
as	IN
the	DT
key	JJ
challenge	NN
when	WRB
teaching	NN
systems	NNS
engineering	NN
,	,
hence	CC
the	DT
name	NN
.	.

This	DT
is	VBZ
possible	JJ
because	IN
the	DT
implementation	NN
of	IN
selfie	NN
carefully	RB
avoids	VBZ
32-bit	SYM
overflows	NNS
throughout	IN
the	DT
system	NN
.	.

Paper	JJ
:	:
There	EX
is	VBZ
an	DT

Code	NN
:	:
The	DT
selfie	NN
code	NN
is	VBZ
open	JJ
source	NN
and	CC
available	JJ
at	IN

SAT	NNP
solving	VBG
:	:
There	EX
is	VBZ
a	DT
naive	JJ
SAT	NNP
solver	NN
called	JJ

In	IN
docker	NN
on	IN
your	PRP$
machine	NN
:	:
if	IN
you	PRP
have	VB
access	NN
to	TO
a	DT
Linux	NNP
,	,
macOS	NNP
,	,
or	CC
Windows	NNP
machine	NN
download	VB
and	CC
install	VB

At	IN
this	DT
point	NN
we	PRP
assume	VBP
that	DT
you	PRP
have	VB
a	DT
system	NN
that	DT
supports	NNS
running	JJ
selfie	NN
.	.

so	CC
that	DT
you	PRP
can	MD
always	RB
invoke	VB
that	DT
command	NN
manually	RB
if	IN
your	PRP$
system	NN
does	VBZ
not	RB
have	VB

since	IN
there	EX
is	VBZ
already	JJ
a	DT
selfie	NN
binary	JJ
pre-installed	VBD
.	.

option	NN
instructs	VBZ
the	DT
compiler	NN
to	TO
generate	VB
optimized	VBD
code	NN
.	.

If	IN
your	PRP$
system	NN
supports	NNS
compiling	VBG
and	CC
executing	VBG
32-bit	SYM
binaries	NNS
you	PRP
may	MD
also	RB
try	VB

responds	VBZ
with	IN
its	PRP$
usage	NN
pattern	NN
.	.

However	CC
,	,
in	IN
this	DT
case	NN
the	DT

arguments	NNS
are	VBP
passed	VBN
to	TO
the	DT
main	JJ
function	NN
of	IN
the	DT
code	NN
.	.

option	NN
limits	VBZ
the	DT
amount	NN
of	IN
output	NN
created	VBD
with	IN
the	DT

See	NNP
below	IN
for	CC
an	DT
example	NN
.	.

without	IN
any	DT
arguments	NNS
but	CC
this	DT
time	NN
with	IN

Selfie	NN
console	NN
messages	NNS
always	RB
begin	VB
with	IN
the	DT
name	NN
of	IN
the	DT
source	NN
or	CC
binary	JJ
file	NN
currently	RB
running	JJ
.	.

To	TO
read	NN
root	JJ
files	NNS
you	PRP
can	MD
:	:

Community	NN
Supported	VBD
Installation	NN
methods	NNS

Uses	NNS
similar	JJ
syntax	NN
as	IN

for	CC
more	RBR
detailed	JJ
and	CC
advanced	JJ
usage	NN
.	.

download	VB
a	DT
binary	JJ
file	NN
from	IN

which	WDT
means	NN
that	DT
every	DT
"	"
err	VB
"	"
string	NN
will	MD
be	VB
in	IN
red	JJ
and	CC
every	DT
line	NN
containing	VBG
"	"
err	VB
"	"
will	MD
be	VB
bolded	VBN
.	.

is	VBZ
used	VBN
and	CC
I	PRP
can	MD
make	VB
it	PRP
better	NN
.	.

If	IN
the	DT
vast	JJ
majority	NN
agree	VB
to	TO
participate	VB
,	,
merely	RB
continuing	VBG
with	IN
their	PRP$
current	JJ
subscription	NN
,	,
then	JJ
the	DT
publisher	NN
opens	VBZ
the	DT
content	NN
after	IN
its	PRP$
threshold	NN
is	VBZ
met	VBN
.	.

In	IN
2017	CD
,	,
Annual	JJ
Reviews	NNS
,	,
which	WP
had	VBD
a	DT
grant	NN
from	IN
the	DT
Robert	NNP
Wood	NNP
Johnson	NNP
Foundation	NN
to	TO
explore	VB
the	DT
impact	NN
of	IN
open	JJ
access	NN
reviews	NNS
,	,
began	VBD
working	JJ
with	IN
Crow	NNP
to	TO
develop	VB
what	WP
they	PRP
hoped	VBD
would	MD
be	VB
a	DT
sustainable	JJ
business	JJ
model	NN
.	.

The	DT
Government	NNP
Publishing	NN
Office	NNP
online	JJ
bookstore	NN
offers	VBZ
a	DT
collection	NN
of	IN
publications	NNS
featuring	VBG
the	DT
exploits	NNS
and	CC
wonders	NNS
of	IN
the	DT
NASA	NNP
program	NN
from	IN
its	PRP$
earliest	JJS
days	NNS
until	IN
today	JJ
.	.

From	IN
US	PRP
and	CC
Canada	NNP
,	,
call	NN
toll-free	JJ
1	CD
.	.
866	CD
.	.
512	CD
.	.
1800	CD
.	.

Service	JJ
logs	NNS
are	VBP
gold	JJ
,	,
if	IN
you	PRP
can	MD
mine	VB
them	PRP
.	.

These	DT
are	NN
what	WP
logs	NNS
are	VBP
good	JJ
for	CC
.	.

Current	JJ
State	NNP
of	IN
Log	NN
Formatting	VBG

That	DT
is	VBZ
not	RB
said	VBN
lightly	RB
.	.

Time	NN
to	TO
find	VB
a	DT

Logging	NN
with	IN
Bunyan	NNP
basically	RB
looks	NNS
like	IN
this	DT
:	:

For	NNP
example	NN
,	,
here	RB
we	PRP
register	NN
the	DT

style	NN
with	IN
an	DT
object	NN
as	IN
the	DT
first	JJ
argument	NN
.	.

Here	NNP
we	PRP
logged	VBD
the	DT
incoming	JJ
request	NN
with	IN

Two	CD
useful	JJ
details	NNS
of	IN
note	NN
here	RB
:	:

This	DT
was	VBD
set	VBN
at	IN
the	DT
TRACE	NN
level	JJ
.	.

optimizers	NNS
and	CC
bundles	NNS
perform	VB
advanced	JJ
optimizations	NNS
over	IN
them	PRP
.	.

At	IN
the	DT
same	JJ
time	NN
,	,

function	NN
since	IN
this	DT
is	VBZ
the	DT
only	JJ
symbol	NN
from	IN

,	,
if	IN
we	PRP
explore	VBP
the	DT

would	MD
look	VB
like	IN
this	DT
:	:

This	DT
plugin	NN
concatenates	VBZ
the	DT
scope	NN
of	IN
all	PDT
your	PRP$
modules	NNS
into	IN
one	CD
closure	NN
and	CC
allows	VBZ
for	CC
your	PRP$
code	NN
to	TO
have	VB
a	DT
faster	JJR
execution	NN
time	NN
in	IN
the	DT
browser	NN
.	.

In	IN
the	DT
output	NN
above	IN
,	,
all	PDT
the	DT
functions	NNS
are	VBP
inside	IN
the	DT
same	JJ
namespace	NN
.	.

Inline	NN
the	DT
body	NN
of	IN
the	DT

Notice	NN
that	DT
the	DT
final	JJ
bundle	NN
contains	VBZ
some	DT

Additionally	RB
,	,
it	PRP
adds	VBZ
an	DT
extra	JJ
cost	NN
as	IN
part	NN
of	IN
your	PRP$
build	NN
process	NN
on	IN
top	NN
of	IN
the	DT
default	NN

This	DT
template	NN
redesign	NN
began	VBD
with	IN
the	DT
below	IN
objectives	NNS
that	DT
informed	JJ
all	DT
of	IN
my	PRP$
process	NN
and	CC
choices	NNS
:	:

better	NN
understand	VB
the	DT
current	JJ
state	NN
and	CC
use	NN
of	IN
the	DT
template	NN
.	.

Existing	JJ
resources	NNS
are	VBP
not	RB
easily	RB
discoverable	JJ

respond	VB
to	TO
the	DT
unique	JJ
context	NN
of	IN
digital	JJ
workshops	NNS
during	IN
COVID-19	SYM
and	CC

concerned	JJ
about	IN
readability	NN
issues	NNS

template	NN
do	VB
not	RB
go	VB
until	IN
enough	JJ
detail	NN
about	IN
what	WP
is	VBZ
available	JJ
within	IN
the	DT

Working	JJ
off	IN
of	IN
the	DT
finalized	JJ
wireframes	NNS
,	,
I	PRP
began	VBD
to	TO
come	VB
up	IN
with	IN
a	DT
design	NN
system	NN
and	CC
identity	NN
for	CC
the	DT
lesson	NN
template	NN
.	.

After	IN
incorporating	JJ
user	NN
feedback	NN
from	IN
this	DT
last	DT
round	NN
and	CC
collaboratively	RB
evaluating	VBG
design	NN
details	NNS
,	,
I	PRP
was	VBD
able	JJ
to	TO
finalize	VB
the	DT
high	JJ
fidelity	NN
screens	NNS
for	CC
handoff	NN
!	!

Is	NNP
optimized	VBN
responsively	RB
across	IN
all	DT
devices	NNS

Thank	VB
you	PRP
to	TO
The	DT
Carpentries	NNS
community	NN
for	CC
your	PRP$
participation	NN
!	!

It	PRP
means	VBZ
properly	RB
scoping	VBG
a	DT
change	NN
in	IN
concert	NN
with	IN
end	NN
users	NNS
,	,
and	CC
documenting	VBG
and	CC
regularly	RB
check	JJ
pointing	JJ
your	PRP$
progress	NN
.	.

,	,
and	CC
some	DT
basic	JJ
documentation	NN
of	IN
the	DT

The	DT
intent	JJ
here	RB
is	VBZ
to	TO
be	VB
able	JJ
to	TO
quickly	RB
generate	VB
new	JJ
documentation	NN
and	CC
improve	VB
it	PRP
with	IN
feedback	NN
from	IN
the	DT
community	NN
.	.

it	PRP
to	TO
the	DT
new	JJ
documentation	NN
on	IN
the	DT
site	NN
.	.

Once	CC
an	DT
implementation	NN
meets	VBZ
those	DT
requirements	NNS
it	PRP
can	MD
be	VB
integrated	VBN
into	IN
the	DT
project	NN
.	.

The	DT
more	JJR
automation	NN
we	PRP
can	MD
get	VB
for	CC
downstream	JJ
integration	NN
testing	NN
the	DT
better	NN
the	DT
project	NN
can	MD
be	VB
at	IN
delivering	VBG
quality	JJ
software	NN
.	.

We	PRP
need	VBP
to	TO
make	NN
sure	JJ
those	DT
features	NNS
'	'
test	JJ
cases	NNS
are	VBP
met	VBN
.	.

Maybe	JJ
they	PRP
want	VBP
to	TO
contribute	VB
because	IN
they	PRP
have	VB
free	JJ
time	NN
,	,
maybe	JJ
they	PRP
want	VBP
to	TO
contribute	VB
to	TO
make	VB
their	PRP$
job	NN
easier	JJR
,	,
or	CC
perhaps	JJ
they	PRP
want	VBP
to	TO
contribute	VB
because	IN
their	PRP$
company	NN
wants	NNS
them	PRP
to	TO
spend	VB
their	PRP$
time	NN
on	IN
open	JJ
source	NN
.	.

that	DT
describes	VBZ
how	WRB
you	PRP
find	NN
your	PRP$
way	NN
onto	IN
that	DT
team	NN
.	.

The	DT
existing	JJ
core	NN
team	JJ
will	MD

You	PRP
select	JJ
the	DT
version	NN
for	CC
newly	RB
created	VBD
chunks	NNS
via	IN
the	DT
command	NN
line	NN
flag	NN

There	EX
is	VBZ
no	DT
harm	NN
in	IN
switching	NN
back	JJ
and	CC
forth	RP
,	,
but	CC
note	NN
that	DT
existing	JJ
chunks	NNS
will	MD
not	RB
change	NN
their	PRP$
encoding	VBG
version	NN
once	CC
they	PRP
have	VB
been	VBN
created	VBN
.	.

On	IN
the	DT
rare	JJ
occasion	NN
of	IN
a	DT
free	JJ
weekend	NN
ahead	JJ
of	IN
me	PRP
,	,
I	PRP
decided	JJ
to	TO
give	VB
it	PRP
a	DT
try	NN
.	.

The	DT
computational	JJ
cost	NN
to	TO
encode	VB
and	CC
decode	VB
values	NNS
is	VBZ
therefore	CC
somewhat	RB
increased	VBN
,	,
which	WP
fundamentally	RB
affects	VBZ
everything	NN
that	DT
writes	VBZ
or	CC
reads	NNS
sample	JJ
data	NN
.	.

The	DT
Prometheus	NNP
storage	NN
engine	NN
needs	RB
to	TO
find	VB
the	DT
starting	JJ
point	NN
of	IN
the	DT
interval	NN
.	.

Essentially	RB
,	,
the	DT
last	JJ
sample	JJ
added	VBD
to	TO
a	DT
time	JJ
series	NN
is	VBZ
cached	VBN
now	JJ
.	.

Start	NN
your	PRP$
Prometheus	NNP
server	NN
with	IN

This	DT
also	RB
leads	NNS
to	TO
one	CD
of	IN
its	PRP$
greatest	JJS
challenges	NNS
,	,
which	WP
is	VBZ
to	TO
support	VB
consistent	JJ
,	,
sustainable	JJ
maintenance	NN
.	.

After	IN
a	DT
lot	NN
of	IN
work	JJ
and	CC
support	NN
from	IN
the	DT
community	NN
,	,
the	DT
team	NN
was	VBD
able	JJ
to	TO
fund	NN
Henry	NNP
as	IN
a	DT
full-time	JJ
maintainer	NN
.	.

"	"
Is	NNP
there	EX
a	DT
Babel	NNP
plugin	NN
already	JJ
?	?
"	"
is	VBZ
a	DT
common	JJ
question	NN
for	CC
new	JJ
proposals	NNS
.	.

We	PRP
believe	VBP
that	DT
showcasing	VBG
the	DT
monthly	JJ
recurring	VBG
amount	NN
is	VBZ
a	DT
more	RBR
accurate	JJ
description	NN
of	IN
the	DT
financial	JJ
health	NN
of	IN
our	PRP$
project	NN
,	,
and	CC
the	DT
team	NN
is	VBZ
hoping	VBG
to	TO
help	NN
out	IN
with	IN
this	DT

to	TO
fund	VB
our	PRP$
team	JJ
members	NNS
.	.

The	DT
team	JJ
would	MD
appreciate	VB
hearing	JJ
about	IN
how	WRB
you	PRP
are	VBP
using	VBG
Babel	NNP
or	CC
how	WRB
you	PRP
are	VBP
looking	VBG
to	TO
get	NN
involved	JJ
.	.

and	CC
explain	VB
what	WP
is	VBZ
being	VBG
outputted	VBN
to	TO
help	NN
users	NNS
make	VBP
decisions	NNS
on	IN
code	NN
size	JJ
.	.

This	DT
is	VBZ
especially	RB
true	JJ
with	IN
plugins	NNS
for	CC
early	JJ
stage	NN
proposals	NNS
,	,
since	IN
these	DT
plugins	NNS
require	VB
continued	VBD
maintenance	NN
as	IN
proposals	NNS
are	VBP
updated	VBN
.	.

We	PRP
know	VBP
that	DT
as	IN
maintainers	NNS
we	PRP
need	MD
to	TO
do	VB
outreach	VB
for	CC
our	PRP$
project	NN
and	CC
for	CC
open	JJ
source	NN
as	IN
a	DT
whole	NN
.	.

And	CC
then	JJ
almost	RB
12	CD
months	NNS
of	IN
full-time	JJ
work	NN
while	IN
employed	JJ
by	IN

Supporting	JJ
the	DT
project	NN
is	VBZ
not	RB
limited	VBN
to	TO
just	JJ
financial	JJ
means	NN
.	.

Open	NNP
Collective	NNP
gives	VBZ
a	DT
business	NN
like	IN
ours	PRP
access	NN
to	TO
a	DT
diverse	JJ
talent	NN
pool	NN
that	DT
would	MD
be	VB
impossible	JJ
to	TO
build	NN
internally	RB
.	.

In	IN
that	DT
sliding	JJ
window	NN
of	IN
functionality	NN
is	VBZ
where	WRB
a	DT
tool	NN
like	IN
Babel	NNP
can	MD
provide	VB
significant	JJ
value	NN
.	.

this	DT
community	NN
,	,
whether	CC
through	IN
sponsorship	NN
of	IN
the	DT
core	JJ
team	NN
or	CC
getting	NN
involved	JJ
in	IN
the	DT
project	NN
.	.

These	DT
records	NNS
shed	NN
light	NN
on	IN
queer	NN
and	CC
gender	NN
nonconforming	JJ
people	NN
who	WP
had	VBD
attempted	VBN
to	TO
enter	VB
the	DT
United	NNP
States	NNPS
as	IN
immigrants	NNS
,	,
asylum	NN
seekers	NNS
,	,
refugees	NNS
,	,
and	CC
displaced	VBD
or	CC
stateless	JJ
persons	NNS
.	.

The	DT
category	NN
of	IN
crimes	NNS
involving	VBG
moral	JJ
turpitude	NN
casts	NNS
a	DT
wide	JJ
net	NN
.	.

The	DT
Immigration	NN
Act	NNP
of	IN
1917	CD
established	JJ
groundwork	NN
for	CC
widespread	JJ
exclusions	NNS
,	,
and	CC
being	NN
queer	JJ
or	CC
gender	NN
nonconforming	JJ
were	VBD
within	IN
those	DT
excluded	VBD
groups	NNS
.	.

The	DT
idea	NN
was	VBD
to	TO
keep	VB
America	NNP
and	CC
American	JJ
values	NNS
protected	JJ
amid	IN
a	DT
Cold	NNP
War	NN
and	CC
growing	NN
anxiety	NN
about	IN
external	JJ
threats	NNS
,	,
real	JJ
and	CC
imagined	VBD
.	.

How	WRB
a	DT
person	NN
was	VBD
determined	VBN
or	CC
evaluated	VBD
to	TO
be	VB
a	DT
homosexual	NN
was	VBD
vague	JJ
.	.

What	WP
it	PRP
meant	VBD
to	TO
be	VB
placed	VBN
in	IN
an	DT
excludable	JJ
category	NN
for	CC
being	NN
homosexual	JJ
was	VBD
blurry	JJ
despite	IN
efforts	NNS
to	TO
define	VB
and	CC
categorize	VB
a	DT
type	NN
of	IN
person	NN
and	CC
fit	JJ
a	DT
profile	NN
.	.

Only	JJ
one	CD
year	NN
later	JJ
,	,
the	DT
Helm	NNP
community	NN
joined	JJ
the	DT
Kubernetes	NNP
organization	NN
as	IN
Helm	NNP
2	CD
was	VBD
fast	JJ
approaching	JJ
.	.

The	DT
history	NN
of	IN
the	DT
creation	NN
of	IN
Helm	NNP

We	PRP
were	VBD
a	DT
small	JJ
startup	NN
company	NN

We	PRP
used	VBD
this	DT
tool	NN
to	TO
install	VB
and	CC
manage	VB
Deis	NNP
Workflow	NN
on	IN
a	DT
Fleet	NNP
cluster	NN
.	.

Our	PRP$
first	JJ
attempt	NN
was	VBD
a	DT
very	JJ
successful	JJ
learning	NN
opportunity	NN
:	:
we	PRP
learned	JJ
that	DT
we	PRP
were	VBD
passionate	JJ
about	IN
building	JJ
pragmatic	JJ
solutions	NNS
that	DT
solved	VBD
real	JJ
day-to-day	JJ
problems	NNS
for	CC
our	PRP$
users	NNS
.	.

Deployment	NN
Manager	NN
for	CC
Kubernetes	NNP
was	VBD
a	DT
port	NN
of	IN
an	DT
existing	JJ
tool	NN
they	PRP
used	JJ
for	CC
Google	NNP
Cloud	NN
Platform	NN
.	.

joined	JJ
the	DT
development	NN
team	JJ
,	,
and	CC
we	PRP
started	VBD
work	NN
on	IN
Helm	NNP
2	CD
.	.

To	TO
accomplish	VB
these	DT
goals	NNS
,	,
we	PRP
added	JJ
a	DT
second	JJ
component	JJ
to	TO
the	DT
Helm	NNP
ecosystem	NN
.	.

After	IN
3	CD
years	NNS
and	CC
many	DT
new	JJ
feature	NN
additions	NNS
,	,
it	PRP
became	VBD
a	DT
good	JJ
idea	NN
to	TO
introduce	VB
some	DT
major	JJ
changes	NNS
to	TO
the	DT
code	NN
base	JJ
so	CC
that	DT
Helm	NNP
would	MD
continue	VB
to	TO
meet	VB
the	DT
needs	RB
of	IN
this	DT
evolving	VBG
ecosystem	NN
.	.

STATEMENTS	NNS
,	,
REPORTS	NNS
&	SYM
ANNOUNCEMENTS	NNS

For	NNP
more	RBR
,	,
see	NN
Beyond	IN
manuscript	NN
peer	NN
review	JJ
.	.

Recordings	NNS
of	IN
the	DT
lectures	NNS
and	CC
tributes	NNS
are	VBP
available	JJ
here	RB
.	.

December	NNP
17	CD
,	,
2021	CD
by	IN

Participants	NNS
from	IN
all	DT
over	IN
the	DT
world	JJ
joined	JJ
our	PRP$
conference	NN
Discord	NNP
and	CC
the	DT
replay	NN
event	NN
for	CC
accessibility	NN
in	IN
all	DT
timezones	NNS
.	.

React	NNP
18	CD
and	CC
concurrent	JJ
features	NNS

Watch	NN
the	DT
full	JJ
keynote	NN
from	IN

To	TO
try	VB
the	DT
React	NNP
18	CD
RC	NNP
,	,
upgrade	VB
your	PRP$
dependencies	NNS
:	:

Streaming	JJ
server	NN
rendering	NN
lets	NNS
you	PRP
generate	VBP
HTML	NNP
from	IN
React	NNP
components	NNS
on	IN
the	DT
server	NN
,	,
and	CC
stream	NN
that	DT
HTML	NNP
to	TO
your	PRP$
users	NNS
.	.

For	NNP
a	DT
deep	JJ
dive	NN
,	,
see	NN

For	NNP
an	DT
overview	NN
of	IN
this	DT
work	NN
,	,
see	NN

Check	JJ
out	IN
this	DT
talk	NN
for	CC
more	JJR
information	NN
and	CC
a	DT
demo	NN
of	IN
the	DT
compiler	NN
prototype	NN
:	:

The	DT
ROI	NN
of	IN
Designing	JJ
with	IN
React	NNP

Accessible	JJ
Japanese	JJ
Form	NNP
Components	NNS
with	IN
React	NNP

Thanks	NNS
to	TO
everyone	NN
who	WP
helped	VBD
provide	VB
feedback	NN
on	IN
talks	NNS
including	VBG

for	CC
creating	VBG
our	PRP$
moderation	NN
guide	NN
,	,
leading	JJ
our	PRP$
moderation	NN
team	JJ
,	,
training	NN
the	DT
translators	NNS
and	CC
moderators	NNS
,	,
and	CC
helping	NN
to	TO
moderate	VB
both	DT
events	NNS
.	.

Virtual	JJ
Event	NN
Starter	NN
Kit	NNP

and	CC
the	DT
advice	NN
it	PRP
contains	VBZ
for	CC
running	JJ
conferences	NNS
.	.

Finally	RB
,	,
thanks	NNS
to	TO
all	DT
of	IN
our	PRP$
participants	NNS
for	CC
making	NN
this	DT
a	DT
great	JJ
React	NNP
Conf	NNP
!	!

So	RB
far	JJ
,	,
the	DT
glossary	NN
includes	VBZ
definitions	NNS
in	IN
17	CD
languages	NNS
and	CC
has	VBZ
been	VBN
designed	VBN
to	TO
include	VB
definitions	NNS
in	IN
any	DT
language	NN
.	.

Contributions	NNS
are	VBP
welcome	JJ
in	IN
any	DT
language	NN
,	,
not	RB
only	JJ
those	DT
represented	JJ
in	IN
that	DT
document	NN
.	.

Open	NNP
Knowledge	NN
Justice	NNP
Programme	NNP
challenges	VBZ
the	DT
use	NN
of	IN
algorithmic	JJ
proctoring	VBG
apps	NNS

The	DT
software	NN
had	VBD
numerous	JJ
errors	NNS
in	IN
functionality	NN
,	,
including	VBG
suddenly	RB
freezing	NN
without	IN
warning	JJ
and	CC
deleting	VBG
text	NN
.	.

Data	NN
Protection	NN
and	CC
Privacy	NN
Rights	NNPS

The	DT
intrusion	NN
involved	VBD
was	VBD
disproportionate	JJ
.	.

The	DT
consent	NN
sought	VBD
from	IN
students	NNS
was	VBD
illusory	JJ
,	,
as	IN
it	PRP
did	VBD
not	RB
enable	VB
students	NNS
to	TO
exert	VB
any	DT
control	NN
over	IN
the	DT
use	NN
of	IN
their	PRP$
personal	JJ
data	NN
.	.

Public	JJ
bodies	NNS
in	IN
the	DT
UK	NNP
have	VB
a	DT
legal	JJ
duty	NN
to	TO
carefully	RB
consider	VB
the	DT
equalities	NNS
impacts	NNS
of	IN
the	DT
decisions	NNS
they	PRP
make	VBP
.	.

The	DT
use	NN
of	IN
novel	JJ
and	CC
untested	JJ
software	NN
,	,
we	PRP
said	VBD
,	,
had	VBD
the	DT
potential	NN
to	TO
discriminate	VB
against	IN
older	JJR
students	NNS
with	IN
fewer	JJR
IT	PRP
skills	NNS
.	.

Sign	NN
up	IN
to	TO
our	PRP$
mailing	NN
list	NN
or	CC
follow	VB
the	DT
Open	NNP
Knowledge	NN
Justice	NNP
Programme	NNP
on	IN
Twitter	NNP
to	TO
receive	VB
updates	NNS
.	.

Linkerd	NNP
new	JJ
server	NN
authorization	NN
policy	NN
feature	NN
gives	NNS
you	PRP
fine-grained	JJ
control	NN
of	IN
which	WP
services	NNS
are	VBP
allowed	VBN
to	TO
communicate	VB
with	IN
each	DT
other	NN
.	.

traffic	NN
from	IN
services	NNS
using	VBG
the	DT
Bar	NNP
service	JJ
account	NN
"	"
,	,
to	TO
lots	NNS
more	RBR
.	.

container	NN
is	VBZ
ready	JJ
before	IN
any	DT
other	JJ
containers	NNS
in	IN
the	DT
pod	NN
are	VBP
initialized	VBN
.	.

The	DT
control	NN
plane	JJ
is	VBZ
down	IN
to	TO
just	JJ
3	CD
deployments	NNS
.	.

and	CC
they	PRP
will	MD
serve	VB
as	IN
defaults	NNS
for	CC
pods	NNS
created	VBD
in	IN
that	DT
namespace	NN
.	.

,	,
joining	NN
projects	NNS
like	IN
Kubernetes	NNP
,	,
Prometheus	NNP
,	,
and	CC
Envoy	NN
at	IN
the	DT
foundation	NN
highest	JJS
level	NN
of	IN
maturity	NN
.	.

committed	VBD
to	TO
open	JJ
governance	NN
.	.

We	PRP
recommend	VBP
that	DT
all	DT
users	NNS
upgrade	VBP
as	IN
soon	RB
as	IN
possible	RB
.	.

which	WP
could	MD
be	VB
exploited	VBN
to	TO
perform	VB
remote	JJ
code	NN
execution	NN
.	.

For	NNP
example	NN
it	PRP
may	MD
no	DT
longer	NN
be	VB
possible	JJ
to	TO
debug	VB
a	DT
remote	JJ
computer	NN
by	IN
using	VBG
a	DT
hostname	NN
.	.

was	VBD
structured	VBN
in	IN
such	PDT
a	DT
way	NN
as	IN
to	TO
allow	VB
an	DT
attacker	NN
to	TO
craft	VB
a	DT
string	NN
,	,
that	DT
when	WRB
passed	JJ
through	IN
one	CD
of	IN
these	DT
functions	NNS
,	,
could	MD
take	VB
a	DT
significant	JJ
amount	NN
of	IN
time	NN
to	TO
evaluate	VB
,	,
potentially	RB
leading	JJ
to	TO
a	DT
full	JJ
denial	NN
of	IN
service	JJ
.	.

The	DT
HTTP	NNP
specification	NN
does	VBZ
not	RB
allow	VB
for	CC
spaces	NNS
in	IN
the	DT

Occasionally	RB
,	,
certificates	NNS
are	VBP
revoked	VBN
due	JJ
to	TO
compliance	NN
or	CC
trust	NN
concerns	NNS
,	,
as	IN
is	VBZ
the	DT
case	NN
for	CC
the	DT

The	DT
highest	JJS
severity	NN
issue	NN
fixed	JJ
in	IN
these	DT
releases	NNS
is	VBZ
MODERATE	JJ
.	.

The	DT
security	NN
impact	NN
of	IN
this	DT
flaw	NN
is	VBZ
minimal	JJ
and	CC
therefore	CC
the	DT
severity	NN
is	VBZ
VERY	JJ
LOW	JJ
.	.

Contact	NN
and	CC
future	JJ
updates	NNS

This	DT
will	MD
be	VB
the	DT
new	JJ
home	NN
of	IN
the	DT
TypeScript	NNP
parser	NN
,	,

Those	DT
interested	JJ
in	IN
how	WRB
TypeScript	NNP
support	NN
is	VBZ
coming	VBG
along	IN
should	MD
follow	VB
the	DT

People	NN
somehow	RB
deem	VB
it	PRP
completely	RB
okay	JJ
to	TO
let	VB
these	DT
things	NNS
slide	NN
,	,
though	IN
.	.

The	DT
most	NN
widely	RB
adopted	JJ
Code	NN
of	IN
Conduct	NN
is	VBZ
the	DT

an	DT
entire	JJ
section	NN
of	IN
its	PRP$
docs	NNS

For	NNP
most	JJS
people	NN
new	JJ
to	TO
open	JJ
source	NN
,	,
the	DT
biggest	JJS
hurdle	NN
is	VBZ
creating	VBG
their	PRP$
first	RB
pull	NN
request	NN
.	.

Treat	NNP
new	JJ
contributors	NNS
to	TO
your	PRP$
project	NN
with	IN
respect	NN
,	,
but	CC
also	RB
with	IN
hospitality	NN
.	.

Every	DT
project	NN
should	MD
be	VB
more	RBR
diverse	JJ
.	.

I	PRP
was	VBD
still	JJ
fairly	RB
new	JJ
at	IN
Box	NNP
when	WRB
a	DT
teammate	NN
was	VBD
working	VBG
on	IN
a	DT
strange	JJ
bug	NN
.	.

The	DT
solution	NN
was	VBD
easy	JJ
enough	JJ
,	,
just	JJ
make	NN
sure	JJ
everyone	NN
knows	VBZ
to	TO
use	VB
the	DT
in-house	JJ
Ajax	NNP
wrapper	NN
instead	IN
of	IN
the	DT
native	JJ

The	DT
build	NN
would	MD
break	VB
going	NN
forward	JJ
if	IN
someone	NN
tried	VBD
to	TO
commit	VB
a	DT
JavaScript	NNP
file	NN
matching	JJ
that	DT
pattern	NN
.	.

I	PRP
was	VBD
disappointed	VBN
,	,
as	IN
this	DT
seemed	VBD
like	IN
the	DT
most	JJS
direct	JJ
path	NN
to	TO
solving	VBG
the	DT
problem	NN
.	.

I	PRP
was	VBD
probably	RB
shaking	NN
my	PRP$
head	NN
"	"
yes	NN
"	"
as	IN
I	PRP
read	NN
through	IN
that	DT
code	NN
.	.

Originally	RB
,	,
the	DT
Core	NNP
team	JJ
was	VBD
composed	VBN
of	IN
the	DT
leads	NNS
from	IN
each	DT
Rust	NNP
team	JJ
.	.

We	PRP
know	VBP
that	DT
our	PRP$
maintainers	NNS
,	,
and	CC
especially	RB
team	JJ
leads	NNS
,	,
dedicate	VB
an	DT
enormous	JJ
amount	NN
of	IN
time	NN
to	TO
their	PRP$
work	NN
on	IN
Rust	NNP
.	.

As	IN
Rust	NNP
has	VBZ
grown	JJ
,	,
folks	NNS
previously	RB
employed	JJ
at	IN
Mozilla	NNP
left	JJ
for	CC
new	JJ
jobs	NNS
and	CC
new	JJ
folks	NNS
appeared	VBD
.	.

looking	JJ
for	CC
more	RBR
and	CC
more	JJR
ways	NNS
to	TO
be	VB
involved	VBN
in	IN
the	DT
community	NN
.	.

Rust	NNP
at	IN
Microsoft	NNP
and	CC
helping	NN
build	NN
up	IN
the	DT
case	NN
for	CC
Rust	NNP
as	IN
an	DT
official	NN

sometime	JJ
in	IN
late	JJ
2014	CD
and	CC
has	VBZ
been	VBN
a	DT
member	NN
of	IN
the	DT
Rust	NNP
Community	NN
Team	JJ
since	IN

of	IN
the	DT
TypeScript	NNP
core	NN
team	JJ
,	,
where	WRB
they	PRP
helped	VBD
to	TO
finish	VB
and	CC
release	VB

From	IN
there	RB
,	,
they	PRP
joined	VBD
Mozilla	NNP
to	TO
work	JJ
on	IN

language	NN
implemented	VBD
in	IN
Rust	NNP
.	.

Combining	VBG
team	JJ
leadership	NN
with	IN
Core	NNP
team	JJ
duties	NNS
is	VBZ
a	DT
heavy	JJ
burden	NN
.	.

She	PRP
had	VBD
a	DT
great	JJ
deal	NN
;	;
in	IN
fact	NN
,	,
she	PRP
had	VBD
too	RB
much	DT
;	;
and	CC
she	PRP
mistook	VBD
the	DT
purpose	NN
and	CC
the	DT
rationale	NN
of	IN
the	DT
existence	NN
of	IN
brown	JJ
paper	JJ
.	.

With	IN
my	PRP$
stick	NN
and	CC
my	PRP$
knife	NN
,	,
my	PRP$
chalks	NNS
and	CC
my	PRP$
brown	JJ
paper	NN
,	,
I	PRP
went	VBD
out	RB
on	IN
to	TO
the	DT
great	JJ
downs	NNS
.	.

I	PRP
crossed	VBD
one	CD
swell	JJ
of	IN
living	JJ
turf	NN
after	IN
another	DT
,	,
looking	JJ
for	CC
a	DT
place	NN
to	TO
sit	VB
down	IN
and	CC
draw	NN
.	.

But	CC
though	IN
I	PRP
could	MD
not	RB
with	IN
a	DT
crayon	NN
get	NN
the	DT
best	JJS
out	IN
of	IN
the	DT
landscape	NN
,	,
it	PRP
does	VBZ
not	RB
follow	VB
that	DT
the	DT
landscape	NN
was	VBD
not	RB
getting	NN
the	DT
best	JJS
out	IN
of	IN
me	PRP
.	.

They	PRP
painted	VBD
the	DT
white	JJ
robes	NNS
of	IN
their	PRP$
holy	JJ
virgins	NNS
with	IN
the	DT
blinding	JJ
snow	NN
,	,
at	IN
which	WP
they	PRP
had	VBD
stared	VBN
all	DT
day	NN
.	.

The	DT
inspiration	NN
went	VBD
in	IN
like	IN
sunbeams	NNS
and	CC
came	NN
out	RB
like	IN
Apollo	NNP
.	.

It	PRP
is	VBZ
not	RB
a	DT
mere	JJ
absence	NN
of	IN
colour	NN
;	;
it	PRP
is	VBZ
a	DT
shining	JJ
and	CC
affirmative	JJ
thing	NN
,	,
as	IN
fierce	JJ
as	IN
red	JJ
,	,
as	IN
definite	JJ
as	IN
black	JJ
.	.

Mercy	NNP
does	VBZ
not	RB
mean	VB
not	RB
being	NN
cruel	JJ
or	CC
sparing	JJ
people	NN
revenge	NN
or	CC
punishment	NN
;	;
it	PRP
means	VBZ
a	DT
plain	JJ
and	CC
positive	JJ
thing	NN
like	IN
the	DT
sun	NN
,	,
which	WDT
one	CD
has	VBZ
either	DT
seen	VBN
or	CC
not	RB
seen	VBN
.	.

For	NNP
if	IN
it	PRP
were	VBD
really	RB
true	JJ
that	DT
white	NN
was	VBD
a	DT
blank	JJ
and	CC
colourless	JJ
thing	NN
,	,
negative	JJ
and	CC
non-committal	JJ
,	,
then	JJ
white	JJ
would	MD
be	VB
used	VBN
instead	IN
of	IN
black	JJ
and	CC
grey	NN
for	CC
the	DT
funeral	NN
dress	NN
of	IN
this	DT
pessimistic	JJ
period	NN
.	.

I	PRP
sat	VBD
on	IN
the	DT
hill	NN
in	IN
a	DT
sort	NN
of	IN
despair	NN
.	.

I	PRP
was	VBD
sitting	VBG
on	IN
an	DT
immense	JJ
warehouse	NN
of	IN
white	JJ
chalk	JJ
.	.

And	CC
I	PRP
stood	VBD
there	RB
in	IN
a	DT
trance	NN
of	IN
pleasure	NN
,	,
realising	VBG
that	DT
this	DT
Southern	NNP
England	NNP
is	VBZ
not	RB
only	JJ
a	DT
grand	JJ
peninsula	NN
,	,
and	CC
a	DT
tradition	NN
and	CC
a	DT
civilisation	NN
;	;
it	PRP
is	VBZ
something	NN
even	JJ
more	RBR
admirable	JJ
.	.

It	PRP
is	VBZ
mastery	NN
of	IN
a	DT
craft	NN
:	:
in	IN
fact	NN
,	,
the	DT
craft	NN
that	DT
enables	VBZ
all	PDT
the	DT
others	NNS
.	.

As	IN
we	PRP
heal	VBP
,	,
recover	VB
,	,
and	CC
rebuild	VB
,	,
this	DT
pandemic	JJ
presents	VBZ
a	DT
chance	NN
to	TO
forge	NN
opportunity	NN
from	IN
crisis	NN
and	CC
reimagine	VB
education	NN
on	IN
every	DT
level	NN
.	.

And	CC
,	,
from	IN
all	DT
of	IN
us	PRP
at	IN
the	DT
Department	NN
of	IN
Education	NNP
:	:
Happy	NNP
Teacher	NNP
Appreciation	NN
Week	NN
.	.

The	DT
hunt	NN
for	CC
a	DT
means	NN
to	TO
deliver	VB
insulin	NN
in	IN
pill	NN
form	NN
has	VBZ
been	VBN
on	IN
ever	JJ
since	IN
insulin	NN
injections	NNS
first	RB
were	VBD
introduced	VBN
,	,
nearly	RB
a	DT
century	NN
ago	IN
.	.

With	IN
the	DT
shape	NN
of	IN
the	DT
tortoise	NN
shell	JJ
as	IN
a	DT
starting	JJ
point	NN
,	,
the	DT
researchers	NNS
used	JJ
computer	NN
modeling	NN
to	TO
perfect	VB
their	PRP$
design	NN
.	.

Meanwhile	JJ
,	,
this	DT
fascinating	JJ
work	JJ
serves	NNS
as	IN
a	DT
reminder	NN
that	DT
when	WRB
it	PRP
comes	VBZ
to	TO
biomedical	JJ
science	NN
,	,
inspiration	NN
sometimes	RB
can	MD
come	VB
from	IN
the	DT
most	NN
unexpected	JJ
places	NNS
.	.

Innovative	JJ
,	,
assuming	JJ
it	PRP
can	MD
make	VB
it	PRP
to	TO
its	PRP$
target	NN
.	.

Diabetic	JJ
needles	NNS
and	CC
insulin	NN
containers	NNS
are	VBP
?	?

They	PRP
are	VBP
not	RB
but	CC
we	PRP
should	MD
be	VB
moving	VBG
to	TO
something	NN
that	DT
is	VBZ
.	.

Needs	RB
to	TO
be	VB
biodegradable	JJ
Reply	NN

Kenny	NNP
says	NNS
:	:
February	NNP
24	CD
,	,
2019	CD
at	IN
10	CD
:	:
42	CD
am	VBP
This	DT
type	NN
of	IN
oral	JJ
insulin	NN
sounds	NNS
very	RB
risky	JJ
to	TO
say	VB
the	DT
least	NN
.	.

Encouraging	VBG
News	NN
on	IN
Gene	NNP
Therapy	NNP
for	CC
Hemophilia	NN
A	DT
November	NNP
30	CD
,	,
2021	CD

This	DT
is	VBZ
a	DT
guest	JJ
post	NN
by	IN
Joshua	NNP
Levy	NNP
,	,
a	DT
historian	NN
in	IN
the	DT
Manuscript	NN
Division	NN
.	.

Earlier	JJR
this	DT
year	NN
,	,
just	JJ
29	CD
percent	JJ
of	IN
Americans	NNPS
felt	NN
comfortable	JJ
taking	JJ
a	DT
commercial	JJ
flight	NN
,	,
but	CC
84	CD
percent	JJ
were	VBD
comfortable	JJ
using	VBG
their	PRP$
own	JJ
vehicles	NNS
for	CC
a	DT
road	JJ
trip	NN
.	.

Items	NNS
in	IN
the	DT
division	NN
range	NN
from	IN
administrative	JJ
records	NNS
mapping	NN
out	IN
early	JJ
guidebooks	NNS
,	,
to	TO
breathless	JJ
journals	NNS
recounting	NN
shared	JJ
adventures	NNS
,	,
to	TO
testimonials	NNS
of	IN
discrimination	NN
faced	VBD
at	IN
roadside	JJ
gas	NN
stations	NNS
,	,
restaurants	NNS
and	CC
hotels	NNS
.	.

Yet	CC
not	RB
all	DT
Americans	NNPS
traveled	VBD
those	DT
routes	NNS
with	IN
the	DT
same	JJ
ease	NN
.	.

Adventuring	VBG
their	PRP$
way	NN
north	JJ
,	,
they	PRP
socialized	VBD
and	CC
took	VBD
snapshots	NNS
.	.

They	PRP
show	VBP
Carlos	NNP
Montezuma	NNP
,	,
cofounder	NN
of	IN
the	DT
Society	NN
of	IN
American	JJ
Indians	NNPS
,	,
defending	JJ
the	DT
rights	NNS
of	IN
indigenous	JJ
Americans	NNPS
to	TO
purchase	NN
automobiles	NNS
without	IN
government	NN
permission	NN
and	CC
to	TO
travel	NN
as	IN
they	PRP
please	VB
.	.

commands	NNS
operate	VB
will	MD
help	VB
you	PRP
understand	VBP
why	CC
some	DT
objects	NNS
linger	VB
after	IN
deletion	NN
.	.

How	WRB
deletion	NN
works	NNS
,	,
with	IN
examples	NNS

are	VBP
followed	VBN
by	IN
their	PRP$
output	NN
.	.

command	NN
is	VBZ
very	RB
simple	JJ
:	:

Like	IN
annotations	NNS
,	,
they	PRP
can	MD
be	VB
manipulated	VBN
.	.

that	DT
object	NN
again	RB
,	,
we	PRP
discover	VBP
the	DT
object	NN
has	VBZ
been	VBN
modified	VBN
to	TO
include	VB
the	DT
deletion	NN
timestamp	NN
.	.

If	IN
we	PRP
want	VBP
to	TO
delete	VB
an	DT
object	NN
,	,
we	PRP
can	MD
simply	RB
patch	VB
it	PRP
on	IN
the	DT
command	JJ
line	NN
to	TO
remove	VB
the	DT
finalizers	NNS
.	.

Once	CC
that	DT
finalizer	NN
list	NN
is	VBZ
empty	JJ
,	,
the	DT
object	NN
can	MD
actually	RB
be	VB
reclaimed	VBN
by	IN
Kubernetes	NNP
and	CC
put	NN
into	IN
a	DT
queue	NN
to	TO
be	VB
deleted	VBN
from	IN
the	DT
registry	NN
.	.

An	DT
owner	NN
reference	NN
consists	VBZ
of	IN
a	DT
name	NN
and	CC
a	DT
UID	NNP
.	.

Here	NNP
are	VBP
some	DT
examples	NNS
of	IN
owner	NN
references	NNS
and	CC
how	WRB
they	PRP
work	JJ
.	.

to	TO
delete	VB
an	DT
object	NN
and	CC
orphan	JJ
its	PRP$
children	NNS
.	.

You	PRP
have	VB
to	TO
specify	VB
it	PRP
using	VBG
a	DT
custom	JJ
API	NNP
call	NN
.	.

:	:
Owner	NN
references	NNS
are	VBP
ignored	VBN

This	DT
informs	VBZ
the	DT
namespace	NN
controller	NN
that	DT
it	PRP
needs	VBZ
to	TO
remove	VB
the	DT
finalizer	NN
from	IN
the	DT
namespace	NN
and	CC
perform	VB
any	DT
cleanup	NN
:	:

Now	CC
that	DT
you	PRP
know	VB
a	DT
little	JJ
more	RBR
about	IN
how	WRB
deletions	NNS
work	VBP
in	IN
Kubernetes	NNP
,	,
we	PRP
recommend	VBP
you	PRP
try	NN
it	PRP
out	IN
on	IN
your	PRP$
own	JJ
,	,
using	VBG
a	DT
test	JJ
cluster	NN
.	.

One	CD
of	IN
the	DT
electrodes	NNS
implanted	JJ
in	IN
her	PRP$
brain	NN
was	VBD
located	VBN
within	IN
the	DT
cingulum	NN
bundle	NN
and	CC
,	,
when	WRB
that	DT
area	NN
was	VBD
stimulated	VBN
for	CC
research	NN
purposes	NNS
,	,
the	DT
woman	JJ
experienced	JJ
an	DT
uncontrollable	JJ
urge	NN
to	TO
laugh	NN
.	.

A	DT
full	JJ
evaluation	NN
of	IN
her	PRP$
mental	JJ
state	NN
also	RB
showed	VBD
she	PRP
was	VBD
fully	RB
aware	JJ
and	CC
alert	JJ
.	.

Previous	JJ
research	NN
has	VBZ
shown	VBN
that	DT
stimulation	NN
of	IN
other	JJ
parts	NNS
of	IN
the	DT
brain	NN
can	MD
also	RB
prompt	JJ
patients	NNS
to	TO
laugh	NN
.	.

Most	NNP
of	IN
us	PRP
are	VBP
currently	RB
functioning	JJ
with	IN
Mega	JJ
Stress	NN
and	CC
there	EX
are	VBP
very	RB
few	JJ
answers	NNS
.	.

Most	NNP
of	IN
us	PRP
are	VBP
currently	RB
functioning	JJ
with	IN
Mega	JJ
Stress	NN
and	CC
there	EX
are	VBP
very	RB
few	JJ
answers	NNS
.	.

Mark	NNP
Russell	NNP
says	NNS
:	:
April	NNP
5	CD
,	,
2021	CD
at	IN
5	CD
:	:
17	CD
pm	JJ
Jokes	NNS
,	,
Cartoons	NNS
,	,
Funny	JJ
Sitcoms	NNS
,	,
Joke	NN
Book	NN
,	,
Funny	JJ
Movies	NNS
,	,
Humour	NN
around	IN
dinner	NN
table	NN
,	,
Humour	NN
in	IN
life	NN
,	,
and	CC
Laughter	NN
at	IN
Work	NN
.	.

Yes	NN
,	,
it	PRP
means	VBZ
that	DT
laughter	NN
is	VBZ
important	JJ
for	CC
our	PRP$
health	NN
.	.

How	WRB
One	CD
Change	NN
to	TO
The	DT
Coronavirus	NN
Spike	NNP
Influences	VBZ
Infectivity	NN
January	NNP
18	CD
,	,
2022	CD

This	DT
is	VBZ
a	DT
guest	JJ
post	NN
by	IN
Candice	NNP
Buchanan	NNP
,	,
a	DT
reference	NN
librarian	NN
in	IN
the	DT
local	JJ
history	NN
and	CC
genealogy	NN
section	NN
of	IN
the	DT
Main	NNP
Reading	NNP
Room	NN
.	.

Everyone	NN
named	VBD
Buchanan	NNP
,	,
or	CC
related	JJ
to	TO
someone	NN
named	VBD
Buchanan	NNP
,	,
or	CC
who	WP
thought	NN
they	PRP
might	MD
possibly	RB
have	VB
a	DT
distant	JJ
cousin	NN
twice	RB
removed	JJ
was	VBD
suddenly	RB
researching	VBG
Buchanan	NNP
history	NN
.	.

It	PRP
was	VBD
incorrect	JJ
and	CC
had	VBD
been	VBN
assembled	VBN
by	IN
an	DT
apparently	RB
unscrupulous	JJ
agent	NN
,	,
but	CC
it	PRP
certainly	RB
looked	VBD
official	NN
.	.

Nor	CC
could	MD
they	PRP
be	VB
sure	JJ
that	DT
such	PDT
a	DT
person	NN
had	VBD
even	RB
existed	VBN
.	.

The	DT
issue	NN
came	NN
to	TO
a	DT
final	JJ
showdown	NN
in	IN
a	DT
civil	JJ
suit	NN
against	IN
Lorenzo	NNP
Buchanan	NNP
in	IN
1936	CD
.	.

There	EX
is	VBZ
an	DT
inherent	JJ
curiosity	NN
that	DT
can	MD
make	VB
us	PRP
wonder	VBP
if	IN
we	PRP
are	VBP
related	VBN
to	TO
people	NN
who	WP
share	NN
our	PRP$
name	NN
.	.

Buchanan	NNP
family	NN
trees	NNS
,	,
many	DT
of	IN
them	PRP
false	JJ
,	,
began	VBD
to	TO
grow	VB
toward	IN
the	DT
former	JJ
president	NN
.	.

One	CD
of	IN
the	DT
reasons	NNS
these	DT
genealogy	NN
mistakes	NNS
are	VBP
hard	JJ
to	TO
correct	JJ
is	VBZ
because	IN
genealogy	NN
is	VBZ
so	RB
personal	JJ
.	.

On	IN
Lying	NN
in	IN
Bed	NN

To	TO
that	DT
purpose	NN
,	,
indeed	RB
,	,
the	DT
white	JJ
ceiling	NN
would	MD
be	VB
of	IN
the	DT
greatest	JJS
possible	JJ
use	NN
;	;
in	IN
fact	NN
,	,
it	PRP
is	VBZ
the	DT
only	JJ
use	NN
I	PRP
think	VB
of	IN
a	DT
white	JJ
ceiling	NN
being	NN
put	VBN
to	TO
.	.

I	PRP
found	VB
an	DT
endless	JJ
pattern	NN
and	CC
complication	NN
of	IN
small	JJ
objects	NNS
hung	VBD
like	IN
a	DT
curtain	NN
of	IN
fine	JJ
links	NNS
between	IN
me	PRP
and	CC
my	PRP$
desire	NN
.	.

Everywhere	RB
that	DT
I	PRP
went	VBD
forlornly	RB
,	,
with	IN
my	PRP$
pencil	NN
or	CC
my	PRP$
paint	NN
brush	NN
,	,
I	PRP
found	VB
that	DT
others	NNS
had	VBD
unaccountably	RB
been	VBN
before	IN
me	PRP
,	,
spoiling	VBG
the	DT
walls	NNS
,	,
the	DT
curtains	NNS
,	,
and	CC
the	DT
furniture	NN
with	IN
their	PRP$
childish	JJ
and	CC
barbaric	JJ
designs	NNS
.	.

Yet	CC
I	PRP
am	VBP
certain	JJ
that	DT
it	PRP
was	VBD
from	IN
persons	NNS
in	IN
my	PRP$
position	NN
that	DT
all	PDT
the	DT
original	JJ
inspiration	NN
came	NN
for	CC
covering	JJ
the	DT
ceilings	NNS
of	IN
palaces	NNS
and	CC
cathedrals	NNS
with	IN
a	DT
riot	NN
of	IN
fallen	VBN
angels	NNS
or	CC
victorious	JJ
gods	NNS
.	.

Cleanliness	NN
is	VBZ
not	RB
next	DT
to	TO
godliness	NN
nowadays	NN
,	,
for	CC
cleanliness	NN
is	VBZ
made	VBN
essential	JJ
and	CC
godliness	NN
is	VBZ
regarded	VBN
as	IN
an	DT
offence	NN
.	.

Misers	NNS
get	VBP
up	IN
early	JJ
in	IN
the	DT
morning	JJ
;	;
and	CC
burglars	NNS
,	,
I	PRP
am	VBP
informed	VBN
,	,
get	NN
up	IN
the	DT
night	NN
before	IN
.	.

Let	NNP
them	PRP
argue	VB
from	IN
the	DT
same	JJ
first	JJ
principles	NNS
,	,
but	CC
let	NN
them	PRP
do	VB
it	PRP
in	IN
a	DT
bed	NN
,	,
or	CC
a	DT
boat	NN
,	,
or	CC
a	DT
balloon	NN
.	.

I	PRP
dare	MD
say	VB
that	DT
when	WRB
I	PRP
get	NN
out	RB
of	IN
this	DT
bed	NN
I	PRP
shall	MD
do	VB
some	DT
deed	NN
of	IN
an	DT
almost	RB
terrible	JJ
virtue	NN
.	.

I	PRP
do	VBP
not	RB
speak	VB
,	,
of	IN
course	NN
,	,
of	IN
the	DT
seriously	RB
sick	JJ
.	.

A	DT
Bit	NN
of	IN
History	NN

,	,
but	CC
removed	JJ
them	PRP
in	IN
Babel	NNP
6	CD
because	IN
the	DT
proposal	NN
was	VBD
still	RB
in	IN
flux	NN
.	.

option	NN
,	,
whose	WP$
only	JJ
valid	JJ
value	NN
was	VBD

What	WP
Changed	VBD
In	IN
The	DT
New	JJ
Proposal	NN
?	?

If	IN
you	PRP
need	MD
more	RBR
complex	JJ
expressions	NNS
,	,
you	PRP
can	MD
wrap	VB
them	PRP
in	IN
parentheses	NNS
:	:

Class	JJ
decorators	NNS
took	VBD
as	IN
their	PRP$
only	JJ
argument	NN
a	DT
target	NN
constructor	NN
.	.

For	NNP
more	JJR
information	NN
,	,
you	PRP
can	MD
read	VB

The	DT
underlying	JJ
question	NN
is	VBZ
whether	CC
or	CC
not	RB
the	DT

Decorators	NNS
should	MD
not	RB
accidentally	RB
leak	NN
private	JJ
names	NNS
.	.

The	DT
Role	NN
of	IN
Babel	NNP

we	PRP
introduced	VBD
a	DT
new	JJ
option	NN
:	:

For	NNP
usage	NN
in	IN
Babel	NNP
itself	PRP
:	:

You	PRP
can	MD
also	RB
find	VB
out	IN
why	CC
some	DT
design	NN
decisions	NNS
were	VBD
taken	VBN
by	IN
reading	VBG
the	DT
discussions	NNS
in	IN
the	DT
issues	NNS
and	CC
the	DT
meeting	NN
notes	NNS
in	IN
the	DT

provide	VB
ways	NNS
to	TO
build	NN
reliable	JJ
and	CC
maintainable	JJ
operators	NNS
,	,
making	NN
it	PRP
easier	JJR
to	TO
extend	VB
Kubernetes	NNP
and	CC
implement	NN
custom	JJ
scheduling	VBG
.	.

An	DT
operator	NN
is	VBZ
a	DT
set	NN
of	IN

This	DT
post	NN
will	MD
walk	VB
you	PRP
through	IN
writing	NN
a	DT
Kubernetes	NNP
controller	NN
in	IN
Go	NN
that	DT
will	MD
add	VB
a	DT

Create	VB
a	DT
Service	NNP
without	IN
a	DT
selector	NN
and	CC
manage	VB
the	DT
Endpoints	NNS
or	CC

We	PRP
could	MD
then	JJ
use	VB
this	DT
label	NN
in	IN

label	NN
to	TO
our	PRP$
pods	NNS
.	.

to	TO
the	DT
Kubernetes	NNP
API	NNP
server	NN
and	CC
not	RB
a	DT

Rather	NNP
than	IN
do	VB
this	DT
manually	RB
,	,
we	PRP
are	VBP
going	VBG
to	TO
write	VB
a	DT
controller	NN
that	DT
does	NNS
it	PRP
for	CC
us	PRP
.	.

Because	IN
we	PRP
are	VBP
not	RB
going	NN
to	TO
be	VB
defining	VBG
custom	JJ
resources	NNS
,	,
the	DT
domain	NN
does	VBZ
not	RB
matter	VB
.	.

Next	DT
,	,
we	PRP
need	VBP
a	DT
create	VB
a	DT
new	JJ
controller	NN
.	.

type	NN
with	IN
two	CD
methods	NNS
that	DT
we	PRP
need	MD
to	TO
implement	NN
.	.

the	DT
method	NN
receives	VBZ
as	IN
a	DT
parameter	NN
.	.

It	PRP
serves	VBZ
to	TO
tell	VB
the	DT
operator	NN
framework	NN
what	WP
types	NNS
our	PRP$

You	PRP
can	MD
find	VB
a	DT
complete	JJ
list	NN
of	IN
available	JJ
packages	NNS
in	IN
the	DT
Kubernetes	NNP
source	NN
code	NN
or	CC

Our	PRP$
controller	NN
will	MD
never	RB
interact	VB
with	IN
a	DT
Pod	NN
status	NN
or	CC
its	PRP$
finalizers	NNS
.	.

Here	NNP
is	VBZ
what	WP
we	PRP
want	VBP
our	PRP$

If	IN
the	DT
Pod	NN
has	VBZ
an	DT

method	NN
will	MD
be	VB
called	VBN
when	WRB
a	DT
Pod	NN
is	VBZ
created	VBN
,	,
updated	VBD
,	,
or	CC
deleted	VBD
.	.

When	WRB
writing	NN
our	PRP$
updated	VBD
Pod	NN
to	TO
the	DT
Kubernetes	NNP
API	NNP
,	,
there	EX
is	VBZ
a	DT
risk	NN
that	DT
the	DT
Pod	NN
has	VBZ
been	VBN
updated	VBN
or	CC
deleted	VBD
since	IN
we	PRP
first	RB
read	NN
it	PRP
.	.

Run	NN
the	DT
controller	NN
on	IN
your	PRP$
cluster	NN

After	IN
a	DT
few	NN
seconds	NNS
,	,
you	PRP
should	MD
see	VB
the	DT
operator	NN
logs	NNS
.	.

Lets	NNS
check	VBP
the	DT
Pod	NN
labels	NNS
:	:

Writing	NN
operators	NNS
is	VBZ
easier	JJR
now	CC
than	IN
it	PRP
has	VBZ
ever	JJ
been	VBN
.	.

The	DT
first	JJ
step	NN
in	IN
that	DT
direction	NN
is	VBZ
to	TO
write	VB
unit	JJ
tests	NNS
.	.

goes	NNS
into	IN
detail	NN
on	IN
how	WRB
you	PRP
can	MD
go	VB
further	RB
and	CC
implement	NN
more	RBR
complex	JJ
operators	NNS
.	.

Helm	NNP
3	CD
is	VBZ
the	DT
latest	NN
major	NN
release	NN
of	IN
the	DT
CLI	NNP
tool	NN
.	.

Some	DT
features	NNS
have	VB
been	VBN
deprecated	VBN
or	CC
refactored	VBD
in	IN
ways	NNS
that	DT
make	NN
them	PRP
incompatible	JJ
with	IN
Helm	NNP
2	CD
.	.

Documentation	NN
on	IN
Helm	NNP
2	CD
to	TO
Helm	NNP
3	CD
migration	NN

Helm	NNP
gives	VBZ
teams	NNS
the	DT
tools	NNS
they	PRP
need	MD
to	TO
collaborate	VB
when	WRB
creating	VBG
,	,
installing	NN
,	,
and	CC
managing	JJ
applications	NNS
inside	IN
of	IN
Kubernetes	NNP
.	.

Query	NN
the	DT
cluster	NN
to	TO
see	NN
what	WP
packages	NNS
are	VBP
installed	VBN
and	CC
running	JJ

,	,
working	JJ
with	IN
Helm	NNP
is	VBZ
a	DT
piece	NN
of	IN
cake	NN
.	.

We	PRP
have	VB
an	DT
ingress	NN
controller	NN
running	JJ
!	!

You	PRP
could	MD
go	VB
to	TO
that	DT
directory	NN
and	CC
edit	NN
it	PRP
,	,
run	NN

adding	VBG
your	PRP$
own	JJ
repositories	NNS

How	WRB
did	VBD
the	DT
workflow	NN
change	NN
from	IN
Helm	NNP
2	CD
?	?

To	TO
learn	VB
more	RBR
about	IN
what	WP
changed	VBD
under	IN
the	DT
hood	NN
,	,

The	DT
core	JJ
maintainers	NNS
are	VBP
really	RB
excited	JJ
to	TO
release	NN
Helm	NNP
3	CD
.	.
0	CD
.	.

Helm	NNP
2	CD
Support	JJ
Plan	NN

Modeled	JJ
on	IN
the	DT
macOS	NNP
software	NN
installer	NN

Helm	NNP
3	CD
became	VBD
a	DT
joint	JJ
community	NN
effort	NN
,	,
with	IN
core	VB
maintainers	NNS
including	VBG
members	NNS
from	IN
Microsoft	NNP
,	,
Samsung	NNP
SDS	NNP
,	,
IBM	NNP
,	,
and	CC
Blood	NNP
Orange	NNP
.	.

Thousands	NNS
of	IN
community	NN
members	NNS
actively	RB
maintain	VB
charts	NNS
on	IN
the	DT
Helm	NNP
Hub	NNP
.	.

Sea	JJ
shanties	NNS
have	VB
caught	VBN
the	DT
public	JJ
imagination	NN
.	.

After	IN
his	PRP$
sea	JJ
shanty	NN
rendition	NN
went	VBD
viral	JJ
on	IN
TikTok	NNP
,	,
Nathan	NNP
was	VBD
signed	VBN
by	IN
Polydor	NNP
Records	NNP
,	,
with	IN
his	PRP$
debut	NN
single	JJ
reaching	NN
number	NN
three	CD
in	IN
the	DT
UK	NNP
charts	NNS
.	.

Further	RB
,	,
at	IN
Creative	NNP
Commons	NNPS
,	,
we	PRP
believe	VBP
that	DT
some	DT
works	NNS
are	VBP
too	RB
important	JJ
to	TO
be	VB
protected	VBN
by	IN
copyright	NN
,	,
such	DT
as	IN
digitized	VBD
cultural	JJ
artefacts	NNS
or	CC
scientific	JJ
research	NN
.	.

from	IN
Comic	JJ
and	CC
Witty	JJ
Stories	NNS
.	.

The	DT
humorous	JJ
story	NN
depends	VBZ
for	CC
its	PRP$
effect	NN
upon	IN
the	DT
manner	NN
of	IN
the	DT
telling	JJ
;	;
the	DT
comic	JJ
story	NN
and	CC
the	DT
witty	JJ
story	NN
upon	IN
the	DT
matter	NN
.	.

Very	RB
often	JJ
,	,
of	IN
course	NN
,	,
the	DT
rambling	NN
and	CC
disjointed	JJ
humorous	JJ
story	NN
finishes	NNS
with	IN
a	DT
nub	NN
,	,
point	NN
,	,
snapper	NN
,	,
or	CC
whatever	WP
you	PRP
like	IN
to	TO
call	VB
it	PRP
.	.

Let	NNP
me	PRP
set	NN
down	IN
an	DT
instance	NN
of	IN
the	DT
comic	JJ
method	NN
,	,
using	VBG
an	DT
anecdote	NN
which	WP
has	VBZ
been	VBN
popular	JJ
all	DT
over	IN
the	DT
world	NN
for	CC
twelve	CD
or	CC
fifteen	CD
hundred	CD
years	NNS
.	.

The	DT
simplicity	NN
and	CC
innocence	NN
and	CC
sincerity	NN
and	CC
unconsciousness	NN
of	IN
the	DT
old	JJ
farmer	NN
are	VBP
perfectly	RB
simulated	VBN
,	,
and	CC
the	DT
result	NN
is	VBZ
a	DT
performance	NN
which	WP
is	VBZ
thoroughly	RB
charming	JJ
and	CC
delicious	JJ
.	.

A	DT
third	NN
is	VBZ
the	DT
dropping	NN
of	IN
a	DT
studied	JJ
remark	NN
apparently	RB
without	IN
knowing	JJ
it	PRP
,	,
as	IN
if	IN
one	CD
were	VBD
thinking	VBG
aloud	RB
.	.

On	IN
the	DT
platform	NN
I	PRP
used	JJ
to	TO
tell	VB
a	DT
negro	JJ
ghost	NN
story	NN
that	DT
had	VBD
a	DT
pause	NN
in	IN
front	NN
of	IN
the	DT
snapper	NN
on	IN
the	DT
end	NN
,	,
and	CC
that	DT
pause	NN
was	VBD
the	DT
most	NN
important	JJ
thing	NN
in	IN
the	DT
whole	JJ
story	NN
.	.

It	PRP
also	RB
developed	VBD
an	DT
advisory	JJ
program	NN
after	IN
the	DT
Geneva	NNP
Agreements	NNS
of	IN
1954	CD
.	.

Click	NN
here	RB
to	TO
browse	VB
ours	PRP
Wars	NNS
and	CC
Conflicts	NNS
collection	NN

You	PRP
can	MD
follow	VB
any	DT
responses	NNS
to	TO
this	DT
entry	NN
through	IN
the	DT
RSS	NN
2	CD
.	.
0	CD
feed	NN
.	.

Enslaved	VBD
people	NN
had	VBD
something	NN
to	TO
do	VB
with	IN
virtually	RB
every	DT
aspect	NN
of	IN
the	DT
function	NN
and	CC
appearance	NN
of	IN
a	DT
plantation	NN
.	.

After	IN
mustering	VBG
out	IN
,	,
Sprout	NN
returned	VBD
to	TO
Spotsylvania	NNP
County	NNP
.	.

He	PRP
died	VBD
on	IN
February	NNP
13	CD
,	,
1926	CD
,	,
and	CC
was	VBD
buried	VBN
at	IN
the	DT
Fredericksburg	NNP
and	CC
Spotsylvania	NNP
National	NNP
Cemetery	NNP
,	,
where	WRB
his	PRP$
remains	NNS
rest	VBP
to	TO
this	DT
day	NN
.	.

The	DT
following	IN
Helm	NNP
commands	NNS
may	MD
unsafely	RB
unpack	VB
malformed	JJ
charts	NNS
onto	IN
a	DT
local	JJ
folder	NN
:	:

command	NN
may	MD
unpack	VB
a	DT
tar	JJ
archive	NN
into	IN
a	DT
temporary	JJ
directory	NN
,	,
and	CC

Tiller	NN
does	VBZ
not	RB
store	VB
unpacked	VBD
charts	NNS
.	.

on	IN
the	DT
unpacked	JJ
directory	NN
.	.

This	DT
is	VBZ
where	WRB
the	DT

We	PRP
are	VBP
ready	JJ
to	TO
use	NN

Nice	NNP
,	,
the	DT
plugin	NN
even	RB
supports	NNS
the	DT

in	IN
a	DT
loop	NN
and	CC
applying	VBG

And	CC
of	IN
course	NN
the	DT
safest	JJS
way	NN
is	VBZ
to	TO
start	VB
with	IN

This	DT
is	VBZ
a	DT
great	JJ
opportunity	NN
for	CC
us	PRP
to	TO
look	NN
back	JJ
and	CC
share	NN
some	DT
of	IN
the	DT
wonderful	JJ
things	NNS
that	DT
have	VB
happened	VBN
to	TO
the	DT
project	NN
since	IN
then	JJ
.	.

Everything	NN
changed	VBD
for	CC
us	PRP
a	DT
year	NN
ago	IN
,	,
in	IN
January	NNP
of	IN
2015	CD
.	.

all	PDT
the	DT
way	NN
to	TO
the	DT
top	JJ

What	WP
does	NNS
all	PDT
that	DT
Hacker	NNP
News	NN
buzz	NN
look	NN
like	IN
in	IN
terms	NNS
of	IN
GitHub	NNP
stars	NNS
?	?

To	TO
give	VB
you	PRP
an	DT
idea	NN
of	IN
the	DT
ecosystem	NN
,	,
we	PRP
now	RB
have	VB
:	:

He	PRP
is	VBZ
currently	RB
working	JJ
on	IN
the	DT
new	JJ
beta	NN
rewrite	NN
of	IN
the	DT

is	VBZ
picking	VBG
it	PRP
up	IN
for	CC

Even	NNP
the	DT
world	JJ
largest	JJS
digital	JJ
festival	NN
,	,

also	RB
added	JJ
native	JJ
Prometheus	NNP
backend	NN
support	NN
in	IN

We	PRP
are	VBP
also	RB
very	RB
grateful	JJ
to	TO
all	DT
contributors	NNS
and	CC
hope	NN
to	TO
continuously	RB
improve	VB
Prometheus	NNP
for	CC
everyone	NN
.	.

Here	NNP
are	NN
highlights	NNS
from	IN
that	DT
conversation	NN
:	:

I	PRP
suggest	VBP
that	DT
this	DT
should	MD
be	VB
a	DT
standard	JJ
practice	NN
for	CC
designers	NNS
or	CC
any	DT
team	JJ
that	DT
is	VBZ
servicing	VBG
a	DT
customer	NN
or	CC
an	DT
end	NN
user	NN
.	.

The	DT
code	NN
must	MD
be	VB
treated	VBN
as	IN
no	DT
more	RBR
significant	JJ
than	IN
a	DT
sheet	NN
of	IN
paper	JJ
that	DT
someone	NN
made	VBD
a	DT
sketch	NN
on	IN
.	.

But	CC
I	PRP
guess	NN
,	,
to	TO
be	VB
a	DT
little	JJ
bit	NN
provocative	JJ
,	,
I	PRP
would	MD
say	VB
why	CC
would	MD
a	DT
designer	JJ
not	RB
want	NN
to	TO
have	VB
the	DT
development	NN
team	JJ
at	IN
his	PRP$
or	CC
her	PRP$
service	NN
at	IN
the	DT
very	JJ
beginning	JJ
?	?

The	DT
Pursuit	NN
of	IN
Education	NNP
:	:
A	DT
Story	NNP
of	IN
Homelessness	NN
,	,
Perseverance	NN
,	,
and	CC
the	DT
Impact	NN
of	IN
Caring	NN
Educators	NNS

Though	IN
homelessness	NN
was	VBD
not	RB
new	JJ
to	TO
me	PRP
,	,
this	DT
experience	NN
as	IN
a	DT
16-year-old	SYM
was	VBD
the	DT
most	NN
difficult	JJ
because	IN
I	PRP
was	VBD
on	IN
my	PRP$
own	JJ
without	IN
a	DT
family	NN
.	.

I	PRP
did	VBD
end	VB
up	IN
reuniting	VBG
with	IN
my	PRP$
family	NN
eventually	RB
and	CC
we	PRP
secured	JJ
temporary	JJ
housing	NN
in	IN
a	DT
new	JJ
state	NN
,	,
but	CC
at	IN
that	DT
point	NN
,	,
the	DT
trauma	NN
and	CC
depression	NN
were	VBD
so	RB
deep	JJ
that	DT
my	PRP$
mental	JJ
health	NN
had	VBD
not	RB
changed	VBN
.	.

I	PRP
learned	VBD
the	DT
importance	NN
of	IN
my	PRP$
narrative	JJ
and	CC
how	WRB
I	PRP
could	MD
impact	VB
future	JJ
generations	NNS
that	DT
had	VBD
similar	JJ
experiences	NNS
of	IN
homelessness	NN
.	.

My	PRP$
key	JJ
to	TO
success	NN
that	DT
year	NN
was	VBD
that	DT
I	PRP
reached	VBD
out	IN
to	TO
my	PRP$
debate	NN
coach	JJ
and	CC
disclosed	VBD
what	WP
was	VBD
happening	VBG
at	IN
home	NN
.	.

Even	NNP
though	IN
this	DT
experience	NN
was	VBD
jarring	VBG
and	CC
traumatizing	VBG
,	,
I	PRP
reacted	VBD
much	DT
differently	RB
than	IN
I	PRP
would	MD
have	VB
two	CD
years	NNS
ago	IN
.	.

I	PRP
have	VB
excelled	VBN
academically	RB
and	CC
I	PRP
have	VB
been	VBN
involved	VBN
inside	IN
and	CC
outside	IN
of	IN
school	NN
.	.

Though	IN
I	PRP
have	VB
made	VBN
the	DT
most	NN
of	IN
my	PRP$
circumstances	NNS
,	,
I	PRP
am	VBP
still	RB
experiencing	VBG
homelessness	NN
.	.

Measuring	NN
a	DT
crisis	NN
:	:
Why	CC
data	NN
is	VBZ
crucial	JJ
to	TO
ensure	VB
the	DT
right	NN
to	TO
education	NN

They	PRP
need	VBP
to	TO
measure	VB
the	DT
impact	NN
.	.

For	NNP
instance	NN
,	,
in	IN
countries	NNS
where	WRB
children	NNS
receive	VB
fewer	JJR
years	NNS
of	IN
schooling	NN
,	,
prolonged	JJ
school	NN
closures	NNS
will	MD
represent	VB
a	DT
greater	JJR
loss	NN
of	IN
education	NN
.	.

By	IN
collecting	VBG
both	DT
,	,
states	NNS
will	MD
have	VB
an	DT
in-depth	JJ
understanding	JJ
of	IN
the	DT
impact	NN
but	CC
also	RB
the	DT
ways	NNS
in	IN
which	WP
the	DT
education	NN
system	NN
contributed	VBD
to	TO
those	DT
impacts	NNS
.	.

Monitoring	NN
,	,
especially	RB
against	IN
legal	JJ
standards	NNS
,	,
is	VBZ
often	JJ
considered	VBN
too	RB
technical	JJ
so	CC
many	DT
civil	JJ
society	NN
organisations	NNS
do	VB
not	RB
prioritise	VB
it	PRP
.	.

Using	VBG
this	DT
data	NN
,	,
civil	JJ
society	NN
organisations	NNS
are	VBP
able	JJ
assess	VB
whether	CC
governments	NNS
have	VB
improved	VBN
or	CC
regressed	VBD
and	CC
to	TO
identify	VB
key	JJ
issues	NNS
that	DT
may	MD
not	RB
be	VB
known	NN
for	CC
further	JJR
investigation	NN
.	.

Are	VBP
catch-up	NN
modalities	NNS
in	IN
place	NN
and	CC
do	VB
they	PRP
target	NN
those	DT
most	RBS
affected	JJ
by	IN
school	NN
closures	NNS
?	?

Is	NNP
it	PRP
fit	VBN
for	CC
purpose	NN
?	?

The	DT
Right	NNP
to	TO
Education	NNP
Index	NNP
is	VBZ
currently	RB
seeking	VBG
partners	NNS
for	CC
the	DT
2021	CD
research	NN
round	IN
.	.

These	DT
comforting	JJ
images	NNS
offer	VBP
a	DT
sense	NN
of	IN
certainty	NN
and	CC
simplicity	NN
in	IN
uncertain	JJ
and	CC
complex	JJ
times	NNS
.	.

Today	JJ
,	,
however	CC
,	,
due	JJ
to	TO
the	DT
internet	NN
and	CC
the	DT
public	JJ
domain	NN
,	,
millions	NNS
more	RBR
have	VB
access	NN
to	TO
these	DT
comforting	JJ
images	NNS
.	.

However	CC
,	,
history	NN
shows	NNS
us	PRP
that	DT
the	DT
real	JJ
work	NN
is	VBZ
not	RB
just	JJ
breaking	JJ
up	IN
companies	NNS
,	,
but	CC
following	IN
through	IN
afterward	RB
.	.

As	IN
a	DT
monopolist	NN
,	,
AT&T	SYM
unilateral	JJ
decisions	NNS
dictated	VBD
the	DT
way	NN
people	NN
communicated	VBD
.	.

Not	RB
coincidentally	RB
,	,
Section	NNP
230	CD
is	VBZ
the	DT
lifeblood	NN
of	IN
every	DT
would-be	JJ
competitor	NN
to	TO
Facebook	NNP
.	.

Mergers	NNS
and	CC
acquisitions	NNS
were	VBD
key	JJ
to	TO
AT&T	SYM
monopoly	NN
strategy	NN
.	.

Supporters	NNS
of	IN
structural	JJ
separation	NN
for	CC
Big	JJ
Tech	JJ
need	NN
to	TO
learn	VB
the	DT
lessons	NNS
of	IN
the	DT
past	NN
.	.

A	DT
majority	NN
of	IN
Americans	NNPS
today	JJ
have	VB
only	JJ
one	CD
choice	JJ
for	CC
high-speed	JJ
broadband	JJ
access	NN
that	DT
meets	NNS
21st	SYM
century	NN
needs	RB
.	.

Creating	VBG
a	DT
durable	JJ
competitive	JJ
threat	NN
to	TO
tech	JJ
monopolists	NNS
means	NN
finding	NN
similar	JJ
measures	NNS
to	TO
promote	VB
a	DT
flourishing	JJ
,	,
pluralistic	JJ
,	,
diverse	JJ
Internet	NNP
.	.

Conversely	RB
,	,
the	DT
loss	NN
of	IN
privacy	NN
has	VBZ
been	VBN
shown	VBN
through	IN
studies	NNS
to	TO
reduce	VB
consumer	NN
willingness	NN
to	TO
try	NN
new	JJ
products	NNS
,	,
particularly	RB
when	WRB
they	PRP
impact	VBP
sensitive	JJ
uses	NNS
such	DT
as	IN
finance	NN
and	CC
health	NN
.	.

At	IN
the	DT
same	JJ
time	JJ
the	DT
community	NN
values	NNS
quality	JJ
.	.

These	DT
are	NN
built	VBN
from	IN
master	JJ
and	CC
contain	VB
the	DT
very	JJ
latest	NN
changes	NNS
that	DT
have	VB
been	VBN
landed	VBN
.	.

Certain	JJ
performance	NN
improvements	NNS
where	WRB
the	DT
risk	NN
of	IN

where	WRB
the	DT
change	NN
in	IN
question	NN
may	MD
significantly	RB
ease	NN
the	DT

Similarly	RB
,	,
before	IN
changes	NNS
are	VBP
pulled	VBN
into	IN
an	DT
LTS	NNP
update	NN
release	NN
,	,
they	PRP
must	MD
have	VB
been	VBN
in	IN
a	DT
Current	JJ
release	NN
version	NN
for	CC
at	IN
least	NN
a	DT
week	NN
,	,
and	CC
are	VBP
often	JJ
left	VBN
longer	NN
.	.

When	WRB
it	PRP
comes	VBZ
to	TO
new	JJ
LTS	NNP
versions	NNS
,	,
changes	NNS
will	MD
have	VB
soaked	VBN
in	IN
the	DT
latest	NN
release	NN
for	CC
up	IN
to	TO
6	CD
months	NNS
.	.

The	DT
proposed	JJ
change	NN
is	VBZ
documented	VBN
,	,
discussed	VBD
and	CC
moves	NNS
through	IN
a	DT
number	NN
of	IN
stages	NNS
including	VBG
DRAFT	NN
and	CC
ACCEPTED	JJ
or	CC
REJECTED	JJ
.	.

Automation	NN
and	CC
Testing	NN
are	VBP
key	JJ
strategies	NNS
that	DT
go	VBP
hand	NN
in	IN
hand	NN
in	IN
allowing	VBG
rapid	JJ
change	NN
in	IN
a	DT
safe	JJ
manner	NN
.	.

Automated	VBD
Testing	NN
allows	VBZ
tests	NNS
to	TO
be	VB
run	NN
often	JJ
enough	JJ
to	TO
catch	NN
regressions	NNS
quickly	RB
and	CC
reliably	RB
.	.

It	PRP
is	VBZ
not	RB
enough	JJ
to	TO
simply	RB
have	VB
tests	NNS
,	,
those	DT
tests	NNS
must	MD
be	VB
effective	JJ
at	IN
exercising	VBG
the	DT
runtime	NN
.	.

But	CC
by	IN
applying	VBG
the	DT
strategy	NN
of	IN
running	JJ
tests	NNS
across	IN
a	DT
broad	JJ
range	NN
of	IN
platforms	NNS
and	CC
OS	NNP
types	NNS
and	CC
levels	NNS
it	PRP
multiplies	VBZ
the	DT
effectiveness	NN
of	IN
the	DT
existing	JJ
tests	NNS
.	.

Module	NN
tests	NNS
are	VBP
the	DT
next	JJ
level	NN
of	IN
defense	NN
.	.

Our	PRP$
strategy	NN
is	VBZ
to	TO
run	VB
the	DT
module	NN
own	JJ
unit	JJ
tests	NNS
on	IN
a	DT
set	NN
of	IN
key	JJ
modules	NNS
and	CC
to	TO
run	VB
these	DT
as	IN
often	JJ
as	IN
possible	JJ
.	.

Stress	NN
tests	NNS
help	NN
to	TO
flush	VB
those	DT
out	IN
by	IN
running	VBG
certain	JJ
scenarios	NNS
over	IN
a	DT
prolonged	JJ
period	JJ
of	IN
time	JJ
.	.

Our	PRP$
current	JJ
strategy	NN
is	VBZ
to	TO
get	VB
some	DT
of	IN
this	DT
coverage	NN
through	IN
the	DT
benchmarking	NN
that	DT
we	PRP
put	NN
in	IN
place	NN
,	,
but	CC
it	PRP
is	VBZ
another	DT
area	NN
we	PRP
can	MD
work	VB
on	IN
once	CC
we	PRP
have	VB
the	DT
other	JJ
levels	NNS
of	IN
testing	NN
in	IN
place	NN
.	.

You	PRP
can	MD
view	VB
this	DT
data	NN
at	IN
:	:

Even	RB
if	IN
you	PRP
know	VB
JavaScript	NNP
,	,
reading	NN
its	PRP$
language	NN
specification	NN
,	,

We	PRP
find	VBP
it	PRP
in	IN

A	DT
Boolean	JJ
value	NN
is	VBZ
returned	VBN
.	.

This	DT
abstract	JJ
operation	NN
performs	VBZ
the	DT
following	IN
steps	NNS
:	:

What	WP
do	VB
the	DT
asserts	VBZ
mean	JJ
?	?

The	DT
spec	JJ
also	RB
uses	NNS
language	NN
values	NNS
internally	RB
,	,
for	CC
example	NN
,	,
an	DT
internal	JJ
data	NN
type	NN
might	MD
contain	VB
a	DT
field	NN
whose	WP$
possible	JJ
values	NNS
are	VBP

Internal	JJ
slots	NNS
and	CC
internal	JJ
methods	NNS

Internal	JJ
methods	NNS
are	VBP
member	NN
functions	NNS
of	IN
a	DT
JavaScript	NNP
object	NN
.	.

For	NNP
example	NN
,	,
you	PRP
cannot	MD
access	VB

property	NN
can	MD
remove	VB
elements	NNS
from	IN
the	DT

A	DT
Completion	NN
Record	NN
has	VBZ
three	CD
fields	NNS
:	:

means	NN
taking	JJ
the	DT
following	IN
steps	NNS
:	:

can	MD
be	VB
used	VBN
like	IN
this	DT
:	:

is	VBZ
an	DT
abrupt	JJ
completion	NN
,	,
return	JJ

internal	JJ
method	NN
without	IN
the	DT
exclamation	NN
mark	NN
:	:

is	VBZ
an	DT
abrupt	JJ
completion	NN
,	,
return	JJ

returns	VBZ
a	DT
Completion	NN
Record	JJ
.	.

related	JJ
to	TO
error	NN
handling	NN
.	.

A	DT
special	JJ
thank	VB
you	PRP
to	TO

Want	NN
to	TO
try	VB
it	PRP
?	?

Moved	VBD
Docker	NN
image	NN
hosting	VBG
to	TO
the	DT

Either	DT
way	NN
,	,
you	PRP
can	MD
download	VB
the	DT
stable	JJ
2	CD
.	.
10	CD
release	NN
by	IN
running	VBG
:	:

committed	VBD
to	TO
open	JJ
governance	NN
.	.

The	DT
new	JJ
API	NNP
is	VBZ
easier	JJR
to	TO
use	NN
and	CC
follows	VBZ
the	DT

The	DT
tools	NNS
version	NN
is	VBZ
specified	VBN
in	IN
the	DT
first	JJ
line	NN
of	IN
the	DT
manifest	JJ
,	,
using	VBG
the	DT
special	JJ
comment	NN
syntax	NN
:	:

You	PRP
can	MD
optionally	RB
use	VB
the	DT

There	EX
are	VBP
three	CD
key	JJ
differences	NNS
between	IN
the	DT
Swift	NNP
4	CD
manifest	JJ
above	IN
and	CC
the	DT
previous	JJ
manifest	JJ
format	NN
:	:

Swift	NNP
4	CD
packages	NNS
can	MD
either	DT
depend	VB
on	IN
products	NNS
of	IN
other	JJ
packages	NNS
,	,
or	CC
targets	NNS

So	NNP
,	,
if	IN
a	DT
package	NN
upgrades	NNS
to	TO
Swift	NNP
4	CD
manifest	JJ
,	,
Swift	NNP
3	CD
Package	JJ
Manager	NN
will	MD
pick	VB
the	DT
last	JJ
tag	NN
which	WP
contains	VBZ
the	DT
Swift	NNP
3	CD
manifest	JJ
.	.

Update	NN
the	DT
tools	NNS
version	NN
of	IN
the	DT
package	NN
.	.

All	DT
targets	NNS
and	CC
their	PRP$
dependencies	NNS
should	MD
be	VB
explicitly	RB
declared	VBN
.	.

The	DT
recommended	JJ
layout	NN
is	VBZ
to	TO
have	VB
one	CD
directory	NN
per	NN
target	NN
under	IN
the	DT

Export	NN
public	JJ
targets	NNS
using	VBG
the	DT
product	NN
API	NNP
.	.

targets	NNS
,	,
test	JJ
support	JJ
library	NN
etc	RB
.	.

To	TO
do	VB
so	CC
,	,
set	NN
the	DT

Details	NNS
of	IN
code	NN
changes	NNS
can	MD
also	RB
be	VB
found	VBN
on	IN
each	DT
release	NN
page	NN
.	.

The	DT
default	NN
interface	NN
is	VBZ
now	CC
localhost	NNP
.	.

Attack	JJ
potential	JJ
is	VBZ
mitigated	VBN
by	IN
the	DT
use	NN
of	IN
a	DT
load	NN
balancer	NN
or	CC
other	JJ
proxy	JJ
layer	NN
.	.

Where	WRB
headers	NNS
are	VBP
not	RB
completely	RB
received	VBN
within	IN
this	DT
period	JJ
,	,
the	DT
socket	NN
is	VBZ
destroyed	VBN
on	IN
the	DT
next	NN
received	VBD
chunk	NN
.	.

An	DT
attacker	NN
could	MD
use	VB
variations	NNS
in	IN
the	DT
signing	NN
algorithm	NN
to	TO
recover	VB
the	DT
private	JJ
key	NN
.	.

Developers	NNS
Annalee	NNP
Flower	NNP
Horne	NNP
and	CC
Catherine	NNP
Devlin	NNP
worked	JJ
together	JJ
on	IN

Naturally	RB
,	,
they	PRP
did	VBD
the	DT
interview	NN
together	JJ
.	.

As	IN
Catherine	NNP
says	NNS
,	,
it	PRP
really	RB
helps	NNS
clarify	VB
our	PRP$
thinking	JJ
,	,
which	WP
in	IN
turn	NN
clarifies	VBZ
our	PRP$
code	NN
.	.

Once	CC
I	PRP
got	VBD
the	DT
courage	NN
to	TO
actually	RB
sit	VB
down	IN
and	CC
do	VB
it	PRP
,	,
it	PRP
turned	JJ
out	IN
to	TO
be	VB
a	DT
very	JJ
natural	JJ
way	NN
to	TO
work	JJ
.	.

Perhaps	JJ
more	RBR
adventuresome	JJ
cross-cultural	JJ
pairing	NN
would	MD
call	VB
for	CC
more	RBR
explicit	JJ
rules	NNS
.	.

,	,
alongside	IN
Kubernetes	NNP
and	CC
other	JJ
select	JJ
projects	NNS
.	.

During	IN
a	DT
meeting	NN
in	IN
February	NNP
of	IN
2016	CD
,	,

,	,
from	IN
college	NN
students	NNS
to	TO
major	JJ
cloud	NN
providers	NNS
.	.

At	IN
the	DT
time	NN
,	,
it	PRP
seemed	VBD
like	IN
a	DT
modest	JJ
goal	NN
.	.

And	CC
then	JJ
large	JJ
enterprises	NNS
known	NN
for	CC
focusing	VBG
on	IN
stability	NN
rather	RB
than	IN
shininess	NN
also	RB
began	VBD
using	VBG
Kubernetes	NNP
in	IN
earnest	JJ
.	.

can	MD
only	JJ
graduate	JJ
when	WRB
they	PRP
demonstrate	VBP
that	DT
they	PRP
are	VBP
ready	JJ
for	CC
the	DT
mainstream	JJ
majority	NN
of	IN
users	NNS
.	.

While	IN
we	PRP
only	JJ
needed	JJ
two	CD
committers	NNS
from	IN
two	CD
different	JJ
companies	NNS
,	,
we	PRP
have	VB
many	DT
,	,
many	DT
contributors	NNS
from	IN
all	DT
over	IN
the	DT
globe	NN
.	.

We	PRP
will	MD
continue	VB
our	PRP$
unwavering	JJ
commitment	NN
to	TO
stability	NN
and	CC
compatibility	NN
from	IN
major	JJ
version	NN
to	TO
major	JJ
version	NN
.	.

Here	NNP
to	TO
many	DT
more	JJR
years	NNS
of	IN
providing	VBG
that	DT
"	"
zero	CD
to	TO
dopamine	NN
in	IN
five	CD
minutes	NNS
"	"
experience	NN
to	TO
all	DT
Kubernetes	NNP
users	NNS
!	!

Fear	NNP
not	RB
,	,
I	PRP
made	VBD
a	DT
button	NN
for	CC
you	PRP
:	:
I	PRP
think	VB
stacks	NNS
grow	VB
upwards	RB

This	DT
is	VBZ
the	DT
general	JJ
stack	NN
layout	NN
for	CC
all	DT
types	NNS
of	IN
function	NN
;	;
there	EX
are	VBP
then	JJ
conventions	NNS
on	IN
how	WRB
arguments	NNS
are	VBP
passed	VBN
,	,
and	CC
how	WRB
the	DT
function	NN
stores	VBZ
values	NNS
in	IN
its	PRP$
frame	NN
.	.

JavaScript	NNP
semantics	NN
are	VBP
complex	JJ
,	,
and	CC
it	PRP
would	MD
take	VB
a	DT
lot	NN
of	IN
code	NN
to	TO
perform	VB
even	JJ
the	DT
simplest	JJS
operations	NNS
.	.

Speedometer	NN
is	VBZ
a	DT
great	JJ
benchmark	NN
,	,
but	CC
it	PRP
only	JJ
tells	VBZ
part	JJ
of	IN
the	DT
story	NN
.	.

Missed	JJ
the	DT
June	NNP
Linkerd	NNP
Community	NN
Meeting	NN
?	?

We	PRP
are	VBP
also	RB
currently	RB
cleaning	NN
up	IN
proxy	JJ
dependencies	NNS
;	;
the	DT
work	NN
is	VBZ
mostly	RB
done	VBN
and	CC
should	MD
make	VB
new	JJ
dependency	NN
updates	NNS
easier	JJR
moving	JJ
forward	RB
.	.

Last	DT
but	CC
not	RB
least	NN
,	,
we	PRP
announced	VBD

This	DT
is	VBZ
our	PRP$
fourth	JJ
and	CC
final	JJ
release	NN
for	CC
2020	CD
.	.

canary	JJ
deployment	NN
of	IN
new	JJ
control	NN
planes	NNS

is	VBZ
easier	JJR
as	IN
a	DT
result	NN
!	!

,	,
and	CC
whether	CC
you	PRP
want	NN

objects	NNS
created	VBD
for	CC
it	PRP
when	WRB
it	PRP
joins	VBZ
the	DT
mesh	NN
.	.

and	CC
can	MD
be	VB
integrated	VBN
with	IN
any	DT
tools	NNS
that	DT
can	MD
use	VB
that	DT
API	NNP
.	.

You	PRP
can	MD
now	RB
refer	VB
to	TO
pods	NNS
indirectly	RB
.	.

happens	VBZ
on	IN
the	DT
fourth	JJ
Thursday	NNP
of	IN
the	DT
month	NN
,	,
at	IN
10	CD
AM	NNP
Pacific	JJ
.	.

Trampling	JJ
on	IN
Green	NNP
in	IN
a	DT
Rush	NNP
for	CC
Gold	NNP

While	IN
a	DT
stable	JJ
ABI	NNP
is	VBZ
an	DT
important	JJ
milestone	NN
for	CC
the	DT
maturity	NN
of	IN
any	DT
language	NN
,	,
the	DT
ultimate	JJ
benefit	NN
to	TO
the	DT
Swift	NNP
ecosystem	NN
was	VBD
to	TO
enable	VB
binary	JJ
compatibility	NN
for	CC
apps	NNS
and	CC
libraries	NNS
.	.

Swift	NNP
ABI	NNP
is	VBZ
currently	RB
declared	VBN
stable	JJ
for	CC
Swift	NNP
5	CD
on	IN
Apple	NNP
platforms	NNS
.	.

More	NNP
information	NN
on	IN
how	WRB
this	DT
affects	VBZ
apps	NNS
submitted	VBD
to	TO
the	DT
App	NN
Store	NN
is	VBZ
available	JJ
in	IN
the	DT

on	IN
the	DT
Swift	NNP
forums	NNS

But	CC
those	DT
assumptions	NNS
might	MD
not	RB
be	VB
true	JJ
for	CC
the	DT
next	JJ
version	NN
of	IN
the	DT
library	NN
.	.

The	DT
first	NN
of	IN
these	DT
to	TO
go	NN
through	IN
the	DT
Swift	NNP
Evolution	NN
Process	NN
was	VBD

Largely	RB
implemented	JJ
but	CC
needs	RB
to	TO
go	NN
through	IN
the	DT
Swift	NNP
Evolution	NN
Process	NN

Such	DT
references	NNS
always	RB
include	VB
the	DT
package	JJ
name	NN
as	IN
a	DT
prefix	NN
:	:

A	DT
package	JJ
name	NN
provides	VBZ
context	NN
for	CC
its	PRP$
contents	NNS
,	,
making	NN
it	PRP
easier	JJR
for	CC
clients	NNS
to	TO
understand	VB
what	WP
the	DT
package	NN
is	VBZ
for	CC
and	CC
how	WRB
to	TO
use	VB
it	PRP
.	.

This	DT
article	NN
expands	VBZ
on	IN
that	DT
discussion	NN
and	CC
surveys	VBZ
names	NNS
found	VB
in	IN
the	DT
standard	JJ
library	NN
.	.

They	PRP
are	VBP
often	JJ
simple	JJ
nouns	NNS
,	,
such	DT
as	IN
:	:

package	JJ
could	MD
export	VB
a	DT

When	WRB
designing	JJ
a	DT
package	JJ
,	,
take	NN
the	DT
client	NN
point	NN
of	IN
view	NN
.	.

returns	VBZ
a	DT
value	NN
of	IN
type	NN

to	TO
make	NN
client	NN
code	NN
easier	JJR
to	TO
understand	VB
.	.

to	TO
yield	VB
a	DT
good	JJ
type	NN
name	NN
.	.

The	DT
package	JJ
name	NN
is	VBZ
specified	VBN
in	IN
the	DT
package	JJ
statement	NN
of	IN
its	PRP$
source	NN
files	NNS
;	;
client	NN
code	NN
uses	NNS
it	PRP
as	IN
the	DT
prefix	NN
for	CC
the	DT
package	JJ
exported	VBD
names	NNS
.	.

The	DT
go	NN
tool	VB
uses	NNS
the	DT

Any	DT
package	JJ
can	MD
import	VB
any	DT
other	JJ
package	NN
provided	CC
the	DT
import	NN
does	VBZ
not	RB
create	VB
a	DT
cycle	NN
.	.

Client	NN
code	NN
uses	VBZ
the	DT
package	JJ
path	NN
to	TO
import	VB
the	DT
package	JJ
,	,
so	RB
there	EX
is	VBZ
no	DT
confusion	NN
.	.

Here	NNP
are	VBP
some	DT
guidelines	NNS
for	CC
recognizing	VBG
and	CC
fixing	NN
bad	JJ
names	NNS
.	.

And	CC
since	IN
such	DT
package	JJ
names	NNS
are	VBP
generic	JJ
,	,
they	PRP
are	VBP
more	RBR
likely	JJ
to	TO
collide	VB
with	IN
other	JJ
packages	NNS
imported	JJ
by	IN
client	NN
code	NN
,	,
forcing	VBG
clients	NNS
to	TO
invent	VB
names	NNS
to	TO
distinguish	VB
them	PRP
.	.

into	IN
a	DT
new	JJ
package	NN
,	,
choosing	VBG
a	DT
name	NN
that	DT
fits	NNS
the	DT
contents	NNS
:	:

Work	NN
to	TO
eliminate	VB
meaningless	JJ
package	JJ
names	NNS
from	IN
your	PRP$
projects	NNS
.	.

,	,
growing	NN
without	IN
bound	NN
,	,
providing	VBG
no	DT
guidance	NN
to	TO
users	NNS
,	,
accumulating	VBG
dependencies	NNS
,	,
and	CC
colliding	VBG
with	IN
other	JJ
imports	NNS
.	.

Package	JJ
names	NNS
are	VBP
central	JJ
to	TO
good	JJ
naming	NN
in	IN
Go	NN
programs	NNS
.	.

There	EX
is	VBZ
only	JJ
one	CD
reason	NN
why	CC
all	DT
grown-up	JJ
people	NN
do	VB
not	RB
play	VB
with	IN
toys	NNS
;	;
and	CC
it	PRP
is	VBZ
a	DT
fair	JJ
reason	NN
.	.

My	PRP$
journalistic	JJ
work	NN
,	,
which	WP
earns	VBZ
money	NN
,	,
is	VBZ
not	RB
pursued	VBN
with	IN
such	DT
awful	JJ
persistency	NN
as	IN
that	DT
work	JJ
which	WP
earned	JJ
nothing	NN
.	.

Whereas	IN
,	,
if	IN
I	PRP
know	VB
anything	NN
of	IN
authors	NNS
,	,
nothing	NN
would	MD
induce	VB
you	PRP
to	TO
write	VB
your	PRP$
book	NN
again	RB
,	,
or	CC
even	JJ
to	TO
think	VB
of	IN
it	PRP
again	RB
if	IN
you	PRP
could	MD
help	VB
it	PRP
.	.

But	CC
it	PRP
is	VBZ
almost	RB
as	IN
difficult	JJ
to	TO
look	NN
after	IN
a	DT
doll	NN
as	IN
to	TO
look	NN
after	IN
a	DT
child	NN
.	.

First	JJ
a	DT
doll	NN
had	VBD
been	VBN
a	DT
substitute	NN
for	CC
a	DT
child	NN
;	;
afterwards	RB
a	DT
child	NN
was	VBD
a	DT
mere	JJ
substitute	NN
for	CC
a	DT
doll	NN
.	.

A	DT
man	NN
writing	NN
an	DT
article	NN
on	IN
military	JJ
strategy	NN
is	VBZ
simply	RB
a	DT
man	NN
writing	NN
an	DT
article	NN
;	;
a	DT
horrid	JJ
sight	NN
.	.

I	PRP
cannot	MD
believe	VB
that	DT
any	DT
boy	NN
playing	JJ
at	IN
soldiers	NNS
would	MD
be	VB
as	IN
idiotic	JJ
as	IN
this	DT
.	.

Hence	CC
I	PRP
was	VBD
free	JJ
from	IN
the	DT
degrading	JJ
obligation	NN
of	IN
having	NN
to	TO
pay	VB
either	DT
a	DT
penny	NN
or	CC
twopence	NN
;	;
I	PRP
only	JJ
had	VBD
to	TO
pay	VB
a	DT
shilling	NN
a	DT
sheet	NN
for	CC
good	JJ
cardboard	JJ
and	CC
a	DT
shilling	NN
a	DT
box	NN
for	CC
bad	JJ
water	NN
colours	NNS
.	.

In	IN
this	DT
world	JJ
we	PRP
cannot	MD
have	VB
pure	JJ
pleasure	NN
.	.

Artistically	RB
considered	JJ
,	,
it	PRP
reminds	VBZ
us	PRP
of	IN
the	DT
main	JJ
principle	NN
of	IN
art	NN
,	,
the	DT
principle	NN
which	WP
is	VBZ
in	IN
most	NN
danger	NN
of	IN
being	NN
forgotten	VBN
in	IN
our	PRP$
time	NN
.	.

Plato	NNP
,	,
who	WP
liked	VBD
definite	JJ
ideas	NNS
,	,
would	MD
like	VB
my	PRP$
cardboard	JJ
dragon	NN
;	;
for	CC
though	IN
the	DT
creature	NN
has	VBZ
few	JJ
other	JJ
artistic	JJ
merits	NNS
he	PRP
is	VBZ
at	IN
least	NN
dragonish	JJ
.	.

Has	VBZ
not	RB
every	DT
one	NN
noticed	VBD
how	WRB
sweet	JJ
and	CC
startling	NN
any	DT
landscape	NN
looks	NNS
when	WRB
seen	VBN
through	IN
an	DT
arch	NN
?	?

Because	IN
it	PRP
is	VBZ
small	JJ
it	PRP
could	MD
easily	RB
represent	VB
the	DT
earthquake	NN
in	IN
Jamaica	JJ
.	.

When	WRB
we	PRP
have	VB
understood	VBN
this	DT
fact	NN
we	PRP
shall	MD
have	VB
understood	VBN
something	NN
of	IN
the	DT
reason	NN
why	CC
the	DT
world	NN
has	VBZ
always	RB
been	VBN
first	RB
inspired	VBN
by	IN
small	JJ
nationalities	NNS
.	.

Great	JJ
empires	NNS
are	VBP
necessarily	RB
prosaic	JJ
;	;
for	CC
it	PRP
is	VBZ
beyond	IN
human	JJ
power	NN
to	TO
act	VB
a	DT
great	JJ
poem	NN
upon	IN
so	RB
great	JJ
a	DT
scale	NN
.	.

If	IN
you	PRP
have	VB
written	VBN
any	DT
Go	NN
code	NN
you	PRP
have	VB
probably	RB
encountered	VBN
the	DT
built-in	JJ

to	TO
open	VB
a	DT
file	NN
.	.

and	CC
discuss	VB
some	DT
good	JJ
practices	NNS
for	CC
error	NN
handling	NN
in	IN
Go	NN
.	.

type	NN
,	,
as	IN
with	IN
all	DT
built	VBD
in	IN
types	NNS
,	,
is	VBZ

Here	NNP
how	WRB
you	PRP
might	MD
use	VB

It	PRP
is	VBZ
the	DT
error	NN
implementation	NN
responsibility	NN
to	TO
summarize	VB
the	DT
context	NN
.	.

To	TO
add	VB
that	DT
information	NN
,	,
a	DT
useful	JJ
function	NN
is	VBZ
the	DT

For	NNP
instance	NN
,	,
our	PRP$
hypothetical	JJ
callers	NNS
might	MD
want	VB
to	TO
recover	VB
the	DT
invalid	JJ
argument	NN
passed	JJ
to	TO

and	CC
handle	NN
it	PRP
specially	RB
,	,
while	IN
callers	NNS
that	DT
just	JJ
pass	JJ
the	DT
error	NN
to	TO

method	NN
;	;
specific	JJ
error	NN
implementations	NNS
might	MD
have	VB
additional	JJ
methods	NNS
.	.

with	IN
a	DT
type	NN
assertion	NN
and	CC
then	JJ
distinguish	VB
transient	JJ
network	NN
errors	NNS
from	IN
permanent	JJ
ones	NNS
.	.

In	IN
some	DT
cases	NNS
this	DT
makes	NNS
Go	NN
code	NN
verbose	JJ
,	,
but	CC
fortunately	RB
there	EX
are	VBP
some	DT
techniques	NNS
you	PRP
can	MD
use	VB
to	TO
minimize	VB
repetitive	JJ
error	NN
handling	NN
.	.

type	NN
that	DT
includes	VBZ
an	DT

To	TO
fix	VB
this	DT
we	PRP
can	MD
implement	VB
the	DT

With	IN
this	DT
basic	JJ
error	NN
handling	NN
infrastructure	NN
in	IN
place	NN
,	,
we	PRP
can	MD
make	VB
it	PRP
more	JJR
user	NN
friendly	JJ
.	.

,	,
for	CC
reasons	NNS
discussed	VBD
in	IN

to	TO
the	DT
new	JJ
function	NN
signature	NN
and	CC
have	VB
it	PRP
return	JJ
more	JJR
context	NN
when	WRB
it	PRP
encounters	VBZ
an	DT
error	NN
:	:

write	VB
a	DT
constructor	NN
function	NN
for	CC

serious	JJ
error	NN
has	VBZ
occurred	VBN
.	.
"	"

article	NN
for	CC
more	JJR
details	NNS
.	.

A	DT
common	JJ
point	NN
of	IN
discussion	NN
among	IN
Go	NN
programmers	NNS
,	,
especially	RB
those	DT
new	JJ
to	TO
the	DT
language	NN
,	,
is	VBZ
how	WRB
to	TO
handle	NN
errors	NNS
.	.

all	PDT
the	DT
time	NN
,	,
something	NN
must	MD
be	VB
wrong	JJ
,	,
and	CC
the	DT
obvious	JJ
target	NN
is	VBZ
Go	NN
itself	PRP
.	.

Values	NNS
can	MD
be	VB
programmed	VBN
,	,
and	CC
since	IN
errors	NNS
are	VBP
values	NNS
,	,
errors	NNS
can	MD
be	VB
programmed	VBN
.	.

Client	NN
code	NN
looks	NNS
like	IN
this	DT
:	:

API	NNP
,	,
the	DT
error	NN
handling	NN
is	VBZ
abstracted	VBN
away	JJ
from	IN
the	DT
key	JJ
API	NNP
element	NN
,	,
which	WP
is	VBZ
iterating	VBG
over	IN
tokens	NNS
.	.

everywhere	RB
or	CC
asking	JJ
the	DT
client	NN
to	TO
check	JJ
for	CC
an	DT
error	NN
after	IN
every	DT
token	NN
.	.

He	PRP
had	VBD
some	DT
code	NN
that	DT
looked	VBD
schematically	RB
like	IN
this	DT
:	:

I	PRP
mentioned	VBD
this	DT
technique	NN
in	IN
our	PRP$
discussion	NN
but	CC

and	CC
gave	VBD
it	PRP
one	CD
method	NN
,	,

method	NN
,	,
the	DT
code	NN
above	IN
can	MD
be	VB
refactored	VBN
:	:

It	PRP
could	MD
coalesce	VB
writes	VBZ
into	IN
a	DT
single	JJ
buffer	NN
that	DT
can	MD
then	JJ
be	VB
transmitted	VBN
atomically	RB
.	.

returns	VBZ
an	DT
error	NN
,	,
that	DT
is	VBZ
mostly	RB
about	IN
honoring	NN
the	DT

If	IN
that	DT
information	NN
is	VBZ
important	JJ
,	,
a	DT
more	RBR
fine-grained	JJ
approach	NN
is	VBZ
necessary	JJ
.	.

But	CC
remember	VB
:	:
Whatever	WP
you	PRP
do	VBP
,	,
always	RB
check	JJ
your	PRP$
errors	NNS
!	!

But	CC
what	WP
else	JJ
has	VBZ
changed	VBN
to	TO
merit	VB
a	DT
new	JJ
major	JJ
release	NN
?	?

The	DT
storage	NN
subsystem	NN
required	VBD
careful	JJ
configuration	NN
for	CC
the	DT
expected	JJ
load	NN
.	.

independent	JJ
time	JJ
series	NN
database	NN

Additionally	RB
,	,
many	DT
small	JJ
and	CC
big	JJ
changes	NNS
have	VB
happened	VBN
to	TO
make	VB
the	DT
Prometheus	NNP
experience	NN
more	RBR
consistent	JJ
and	CC
intuitive	JJ
.	.

Prometheus	NNP
2	CD
.	.
0	CD
also	RB
comes	NN
with	IN
built-in	JJ
support	NN
for	CC

The	DT
new	JJ
storage	NN
subsystem	NN
is	VBZ
designed	VBN
to	TO
be	VB
accessible	JJ
and	CC
extensible	JJ
.	.

The	DT
remote	JJ
APIs	NNS
will	MD
continue	VB
to	TO
evolve	VB
to	TO
satisfy	VB
requirements	NNS
for	CC
long-term	JJ
storage	NN
without	IN
sacrificing	VBG
Prometheus	NNP
'	'
model	JJ
of	IN
reliability	NN
through	IN
simplicity	NN
.	.

read	NN
data	NN
from	IN
old	JJ
Prometheus	NNP
servers	NNS

When	WRB
we	PRP
embarked	VBD
on	IN
this	DT
journey	NN
to	TO
rewrite	NN
Flux	NN
from	IN
scratch	JJ
,	,
we	PRP
set	VB
out	IN
three	CD
big	JJ
blocks	NNS
of	IN
work	NN
:	:

You	PRP
can	MD
find	VB
more	JJR
details	NNS
on	IN

Thanks	VBZ
a	DT
lot	NN
to	TO
everyone	NN
who	WP
contributed	VBD
to	TO
these	DT
releases	NNS
!	!

getting	NN
promoted	VBD
to	TO
Incubation	NN
status	NN

have	VB
concluded	VBN
;	;
below	IN
is	VBZ
the	DT
winner	NN
.	.

Find	NN
all	PDT
the	DT
information	NN
about	IN
meetings	NNS
here	RB
:	:

join	NN
the	DT
discussion	NN
in	IN
the	DT

to	TO
post	NN
images	NNS
and	CC
ideas	NNS
.	.

and	CC
suggest	VB
it	PRP
on	IN
the	DT

,	,
November	NNP
7th	SYM
at	IN
London	NNP
,	,
UK	NNP

Welcome	NNP
to	TO
another	DT
issue	NN
of	IN
Haskell	NNP
Weekly	NNP
!	!

You	PRP
are	VBP
already	JJ
smart	JJ
enough	JJ
to	TO
write	VB
Haskell	NNP

Type	NN
safety	JJ
and	CC
good	JJ
design	NN
are	NN
qualities	NNS
that	DT
evolve	VB
symbiotically	RB
.	.

Trying	JJ
to	TO
hire	VB
a	DT
Haskell	NNP
developer	NN
?	?

Why	CC
we	PRP
decided	JJ
to	TO
go	VB
for	CC
the	DT
Big	JJ
Rewrite	NN

Looking	JJ
for	CC
something	NN
to	TO
work	JJ
on	IN
?	?

With	IN
the	DT
0	CD
.	.
14	CD
release	NN
of	IN
Flux	NN
we	PRP
added	JJ
a	DT
number	NN
of	IN
big	JJ
features	NNS
to	TO
Flux	NN
.	.

guide	NN
on	IN
ways	NNS
of	IN
structuring	VBG
your	PRP$

Over	IN
in	IN
the	DT
Flagger	NN
project	NN
,	,
since	IN
our	PRP$
last	NN
blog	NN
the	DT
versions	NNS
1	CD
.	.
9	CD
,	,
1	CD
.	.
10	CD
and	CC
1	CD
.	.
11	CD
were	VBD
released	VBN
and	CC
they	PRP
bring	VBP
a	DT
number	NN
of	IN
nice	JJ
new	JJ
features	NNS
and	CC
improvements	NNS
.	.

Also	NNP
:	:
Adjusted	JJ
Nginx	NNP
ingress	NN
canary	JJ
headers	NNS
on	IN
init	NN
and	CC
promotion	NN

What	WP
Flux	NN
Can	MD
Do	VB
For	NNP

If	IN
you	PRP
are	VBP
looking	VBG
for	CC
a	DT
new	JJ
hoodie	JJ
,	,
new	JJ
socks	NNS
,	,
a	DT
birthday	NN
present	JJ
or	CC
anything	NN
else	JJ
,	,
please	VB
sure	JJ
to	TO
check	JJ
out	IN

Sign	NN
up	IN
for	CC
it	PRP
today	JJ
,	,
share	NN
it	PRP
with	IN
your	PRP$
friends	NNS
far	RB
and	CC
wide	RB
.	.

please	RB
let	NN
us	PRP
know	VB
what	WP
you	PRP
think	VB

If	IN
you	PRP
ever	JJ
need	MD
to	TO
borrow	VB
our	PRP$
logos	NNS
,	,
colours	NNS
or	CC
any	DT
other	JJ
info	NN
for	CC
a	DT
presentation	NN
or	CC
something	NN
,	,
check	JJ
out	IN
the	DT

We	PRP
are	VBP
looking	VBG
forward	RB
to	TO
working	JJ
with	IN
you	PRP
.	.

The	DT
public	JJ
key	NN
is	VBZ
now	RB
computed	VBN
when	WRB
explicitly	RB
setting	NN
a	DT
private	JJ
key	NN
.	.

and	CC
suggest	VB
it	PRP
on	IN
the	DT

,	,
specifically	RB
the	DT
Weekly	JJ
Updates	NNS
issue	NN
.	.

For	NNP
a	DT
while	IN
we	PRP
have	VB
been	VBN
thinking	VBG
about	IN
how	WRB
to	TO
best	RBS
make	NN
use	NN
of	IN
the	DT
domain	NN
.	.

,	,
please	RB
reach	NN
out	IN
.	.

The	DT
Flux	NN
Community	NN
team	JJ

We	PRP
started	VBD
a	DT
Flux	NN
LinkedIn	NNP
group	NN
and	CC
Flux	NN
Twitter	NNP
.	.

Join	NN
our	PRP$
upcoming	JJ
dev	NN
meeting	NN
on	IN
Dec	NNP
3	CD

Welcome	NNP
to	TO
another	DT
issue	NN
of	IN
Haskell	NNP
Weekly	NNP
!	!

Most	JJS
projects	NNS
accumulate	VB
code	NN
over	IN
time	JJ
.	.

Testing	NN
PostgreSQL	NNP
for	CC
fun	NN

This	DT
is	VBZ
where	WRB
benchmarking	NN
and	CC
profiling	VBG
come	VB
in	IN
.	.

Linear	JJ
types	NNS
101	CD
and	CC
its	PRP$
relevance	NN
to	TO
streams	NNS

A	DT
terminal	JJ
interface	NN
for	CC
Tetris	NNP

library	NN
provides	VBZ
a	DT
really	RB
bare-bones	JJ
way	NN
to	TO
get	VB
them	PRP
,	,
with	IN

Is	NNP
it	PRP
possible	JJ
to	TO
compose	VB
parsers	NNS
and	CC
state	JJ
monad	NN
transformers	NNS
with	IN
different	JJ
input	NN
and	CC
output	NN
types	NNS
?	?

Part	NN
of	IN
what	WP
I	PRP
am	VBP
doing	VBG
at	IN
the	DT
moment	RB
is	VBZ
investigating	VBG
Template	NN
Haskell	NNP
to	TO
see	NN
whether	CC
it	PRP
would	MD
usefully	RB
improve	VB
our	PRP$
system	NN
implementation	NN
.	.

by	IN
Richard	NNP
Bird	NNP
and	CC
Jeremy	NNP
Gibbons	NNP

by	IN
Monday	NNP
Morning	JJ
Haskell	NNP

Haskell	NNP
Language	NNP
Server	NNP
version	NN
0	CD
.	.
1	CD

is	VBZ
another	DT
of	IN
the	DT
new	JJ
features	NNS
of	IN
recent	JJ
overloaded	JJ
0	CD
.	.
2	CD
.	.
1	CD
release	NN
.	.

We	PRP
would	MD
like	VB
to	TO
talk	NN
about	IN
this	DT
news	NN
,	,
changes	NNS
,	,
features	NNS
.	.

are	VBP
still	RB
to	TO
be	VB
resolved	VBN
.	.

,	,
specifically	RB
the	DT
Weekly	JJ
Updates	NNS
issue	NN
.	.

and	CC
announce	VB
it	PRP
in	IN
the	DT

This	DT
data	NN
is	VBZ
also	RB
a	DT
good	JJ
way	NN
to	TO
identify	VB
where	WRB
new	JJ
tests	NNS
can	MD
be	VB
added	VBN
to	TO
improve	VB
the	DT
overall	JJ
coverage	NN
numbers	NNS
.	.

You	PRP
can	MD
put	VB
your	PRP$
events	NNS
here	RB
through	IN
the	DT

is	VBZ
a	DT
safe	JJ
,	,
purely	RB
functional	JJ
programming	NN
language	NN
with	IN
a	DT
fast	JJ
,	,
concurrent	JJ
runtime	JJ
.	.

Being	NN
the	DT
default	NN
value	NN
is	VBZ
not	RB
the	DT
same	NN
as	IN
being	NN
actively	RB
set	VBN
to	TO
a	DT
value	NN
which	WP
happens	VBZ
to	TO
match	VB
the	DT
default	NN
.	.

Often	JJ
times	CC
,	,
I	PRP
get	VBP
to	TO
read	NN
Haskell	NNP
code	NN
with	IN
these	DT
patterns	NNS
:	:

Unfortunately	RB
,	,
they	PRP
are	VBP
not	RB
fast	JJ
.	.

We	PRP
try	VBP
our	PRP$
best	NN
to	TO
have	VB
software	NN
without	IN
bugs	NNS
.	.

Package	JJ
of	IN
the	DT
week	NN

Data	NN
Matters	NNS
with	IN
Hollie	NNP
Lubbock	NNP
!	!

last	JJ
month	NN
update	NN
here	RB

can	MD
even	RB
push	NN
back	JJ
to	TO
Git	NN
for	CC
you	PRP
with	IN
automated	VBD
container	NN
image	NN

up	IN
additional	JJ
clusters	NNS
themselves	PRP
,	,
and	CC
manage	VB
clusters	NNS
including	VBG

This	DT
section	NN
has	VBZ
made	VBN
it	PRP
onto	IN
the	DT
landing	NN
page	NN
of	IN

The	DT
next	JJ
release	NN
of	IN
Flux	NN
is	VBZ
coming	VBG
soon	JJ
and	CC
will	MD
include	VB
an	DT
improvement	NN
to	TO
the	DT

for	CC
more	JJR
information	NN
if	IN
you	PRP
are	VBP
curious	JJ
.	.

Take	NN
a	DT
look	NN
at	IN
our	PRP$

how	WRB
to	TO
deploy	VB
Jenkins	NNP
declaratively	RB
with	IN
Helm	NNP
Controller	NNP

alongside	IN
other	JJ
scheduled	VBD
Flux	NN
developer	NN
team	JJ
events	NNS
.	.

and	CC
updated	VBD
by	IN
a	DT
cluster	NN
user	NN
,	,
or	CC
by	IN
other	JJ
automation	NN
tooling	NN
.	.

In	IN
the	DT
past	JJ
month	NN
we	PRP
made	VBD
large	JJ
parts	NNS
of	IN
the	DT
site	NN
more	RBR
easily	RB
maintainable	JJ
.	.

Reach	NN
out	IN
to	TO
her	PRP$
,	,
if	IN
you	PRP
want	VBP
to	TO
help	NN
out	IN
or	CC
have	VB
observations	NNS
you	PRP
would	MD
like	VB
to	TO
share	NN
.	.

Cyril	NNP
Becker	NNP
wrote	VBD
a	DT
very	RB
nice	JJ
introductory	JJ
article	NN
over	IN
at	IN

And	CC
if	IN
you	PRP
are	VBP
completely	RB
new	JJ
to	TO
Flux	NN
,	,
take	NN
a	DT
look	NN
at	IN
our	PRP$

is	VBZ
a	DT
safe	JJ
,	,
purely	RB
functional	JJ
programming	NN
language	NN
with	IN
a	DT
fast	JJ
,	,
concurrent	JJ
runtime	JJ
.	.

In	IN
a	DT
relational	JJ
database	NN
,	,
there	EX
is	VBZ
a	DT
simple	JJ
solution	NN
which	WP
satisfies	VBZ
the	DT
constraints	NNS
:	:
open	JJ
a	DT
transaction	NN
,	,
perform	VB
all	DT
validations	NNS
and	CC
writes	VBZ
in	IN
the	DT
transaction	NN
,	,
and	CC
commit	VB
.	.

I	PRP
was	VBD
astonished	VBN
when	WRB
I	PRP
found	VB
an	DT
exception	NN
:	:
Haskell	NNP
.	.

I	PRP
will	MD
now	RB
try	VB
to	TO
explain	VB
in	IN
all	DT
seriousness	NN
and	CC
in	IN
all	PDT
the	DT
honesty	NN
that	DT
I	PRP
can	MD
muster	VB
what	WP
my	PRP$
opinions	NNS
on	IN
languages	NNS
are	VBP
and	CC
why	CC
I	PRP
have	VB
them	PRP
.	.

A	DT
Brief	JJ
Guide	NNP
to	TO
A	DT
Few	JJ
Algebraic	JJ
Structures	NNS

Package	JJ
of	IN
the	DT
week	NN

Diving	NN
deeper	JJR
into	IN
software	NN
development	NN
discussions	NNS

Bug	NNP
Scrub	JJ
community	NN
initiative	JJ
.	.

From	IN
now	CC
on	IN
Flux	NN
APIs	NNS
will	MD
be	VB
stable	JJ

automate	VB
the	DT
release	NN
process	NN
of	IN
apps	NNS
using	VBG
strategies	NNS
like	IN

work	JJ
out	IN
of	IN
the	DT
box	NN
with	IN
Cluster	NN
API	NNP
:	:
Flux	NN
can	MD
use	VB
one	CD
Kubernetes	NNP

"	"
git	NN
push	NN
"	"
,	,
and	CC
get	NN
notified	VBD
on	IN
Slack	NNP
and	CC

Starting	JJ
with	IN
this	DT
version	NN
,	,
all	DT
Flux	NN
APIs	NNS
are	VBP
considered	VBN
stable	JJ
and	CC
ready	JJ
for	CC
production	NN
use	NN
.	.

We	PRP
now	RB
run	NN
the	DT
conformance	NN
test	JJ
suite	NN
for	CC
Flux	NN

More	NNP
details	NNS
on	IN
breaking	JJ
changes	NNS
can	MD
be	VB
found	VBN
at	IN

Kingdon	NNP
Barrett	NNP
organised	VBD
our	PRP$
first	JJ
ever	JJ

wood	JJ
and	CC
carrying	VBG
water	NN
.	.

Volunteers	NNPS
at	IN
any	DT
skill	NN
level	NN
are	VBP
welcome	JJ
to	TO
attend	VB
,	,
come	VB
spend	VB
an	DT
hour	NN
levelling	NN
up	IN
your	PRP$
Flux	NN
knowledge	NN
by	IN
reviewing	VBG
open	NN
issues	NNS
with	IN
the	DT
team	NN
.	.

People	NN
writing	NN
about	IN
Flux	NN

Flux	NN
at	IN
the	DT
Okteto	NNP
Community	NN
Call	NNP

and	CC
replaced	VBD
all	DT
old	JJ
docs	NNS
with	IN
redirects	VBZ
.	.

If	IN
your	PRP$
extension	NN
or	CC
integration	NN
is	VBZ
not	RB
listed	VBN
yet	CC
,	,
please	RB
add	VB
yourself	PRP
.	.

and	CC
give	NN
us	PRP
feedback	NN

We	PRP
have	VB
more	JJR
maintainers	NNS
from	IN
more	JJR
organisations	NNS
on	IN
board	NN
,	,
more	JJR
documentation	NN
and	CC
are	VBP
looking	VBG
forward	RB
to	TO
having	NN
you	PRP
on	IN
the	DT
team	NN
as	IN
well	NN
!	!

Fixes	NNS
to	TO
commit	VB
templates	NNS
and	CC
new	JJ
branch	NN
push	NN

The	DT
image	NN
automation	NN
APIs	NNS
have	VB
been	VBN
promoted	VBN
to	TO

New	JJ
command	NN
to	TO
list	VB
all	DT
Flux	NN
resources	NNS

new	JJ
bootstrap	JJ
customisation	NN
feature	NN

This	DT
guide	NN
is	VBZ
for	CC
you	PRP
,	,
if	IN
you	PRP
want	NN
Flux	NN
updates	NNS
to	TO
go	NN
to	TO
a	DT
staging	NN
branch	NN
,	,
where	WRB
they	PRP
can	MD
be	VB
reviewed	VBN
and	CC
approved	VBD
before	IN
going	NN
to	TO
production	NN
.	.

check	NN
out	IN
our	PRP$
booth	NN
schedule	NN

Helm	NNP
,	,
the	DT
Package	JJ
manager	NN
for	CC
Kubernetes	NNP
.	.

This	DT
talk	NN
is	VBZ
for	CC
Helm	NNP
users	NNS

to	TO
attend	VB
this	DT
session	NN

We	PRP
are	VBP
very	RB
pleased	JJ
to	TO
announce	VB
that	DT
we	PRP
succeeded	VBD
in	IN
moving	JJ
the	DT
docs	NNS
and	CC
now	RB
offer	NN
community	NN
information	NN
,	,
our	PRP$
blog	NN
and	CC
many	DT
other	JJ
useful	JJ
bits	NNS
on	IN
the	DT
website	NN
,	,
everything	NN
is	VBZ
searchable	JJ
and	CC
we	PRP
look	NN
forward	RB
to	TO
adding	VBG
more	RBR
.	.

,	,
fix	NN
bugs	NNS
and	CC
add	VB
documentation	NN
in	IN
the	DT
last	JJ
months	NNS
.	.

and	CC
give	NN
us	PRP
feedback	NN

Fast	NNP
Counting	NN
with	IN
PostgreSQL	NNP
and	CC
Haskell	NNP

Implementing	VBG
a	DT
Functional	JJ
Language	NNP
with	IN
Graph	NN
Reduction	NN

If	IN
you	PRP
are	VBP
excited	VBN
about	IN
Haskell	NNP
and	CC
are	VBP
up	IN
for	CC
a	DT
new	JJ
challenge	NN
,	,
please	RB
apply	VB

by	IN
Monday	NNP
Morning	JJ
Haskell	NNP

It	PRP
is	VBZ
similar	JJ
to	TO
the	DT
popular	JJ
Python	NNP
module	NN
with	IN
the	DT
same	JJ
name	NN
.	.

News	NN
in	IN
the	DT
Flux	NN
family	NN

This	DT
change	NN
was	VBD
imposed	VBN
by	IN
GitHub	NNP
that	DT
is	VBZ

when	WRB
not	RB
found	VB
in	IN
env	NN
.	.

Include	VB
the	DT
updated	JJ
containers	NNS
URIs	NNS
in	IN
the	DT
image	NN
automation	NN
alerts	NNS

the	DT
checksum	NN
advertised	VBD
in	IN
the	DT
Status	NN
of	IN
the	DT
Source	NN
.	.

Add	VB
support	NN
for	CC
self-signed	JJ
certificates	NNS
when	WRB
bootstrapping	VBG
Flux	NN

Support	JJ
for	CC
Bitbucket	NNP
Server	NNP
and	CC
Data	NN
Center	NNP
repositories	NNS

We	PRP
love	VBP
feedback	NN
,	,
so	RB
please	VB
reach	NN
out	IN
if	IN
you	PRP
have	VB
any	DT
questions	NNS
or	CC
are	VBP
missing	JJ
anything	NN
.	.

You	PRP
might	MD
have	VB
heard	VBN
about	IN

filed	VBD
a	DT
number	NN
of	IN
issues	NNS

This	DT
was	VBD
in	IN
part	NN
due	JJ
to	TO
feedback	NN
from	IN
the	DT
audit	NN
as	IN
well	NN
,	,
but	CC
more	RBR
generally	RB
something	NN
we	PRP
were	VBD
missing	JJ
in	IN
Flux	NN
governance	NN
.	.

We	PRP
really	RB
would	MD
love	VB
your	PRP$
feedback	NN
on	IN
any	DT
of	IN
them	PRP
!	!

We	PRP
recently	RB
added	JJ
a	DT
number	NN
of	IN
new	JJ
resources	NNS
to	TO
our	PRP$

Bug	NNP
Scrub	NN
is	VBZ
a	DT
great	JJ
opportunity	NN
to	TO
talk	NN
with	IN
Flux	NN
maintainers	NNS
and	CC
also	RB
a	DT
place	NN
where	WRB
you	PRP
can	MD
gently	RB
nudge	VB
to	TO
get	VB
our	PRP$
eyes	NNS
on	IN
a	DT
particular	JJ
bug	NN
if	IN
there	EX
is	VBZ
something	NN
that	DT
warrants	NNS
a	DT
higher	JJR
priority	NN
.	.

Find	NN
the	DT
Zoom	NNP
link	NN
on	IN
the	DT

goes	NNS
into	IN
quite	PDT
a	DT
bit	NN
of	IN
detail	NN
regarding	VBG
the	DT
history	NN
,	,
aims	NNS
and	CC
architecture	NN
of	IN
the	DT
Flux	NN
project	NN
,	,
particularly	RB
in	IN
its	PRP$
newest	JJS
version	NN
.	.

The	DT
article	NN
comes	NN
with	IN
all	PDT
the	DT
required	JJ
steps	NNS
,	,
beautiful	JJ
diagrams	NNS
and	CC
a	DT
video	JJ
demo	NN
.	.

was	VBD
a	DT
bit	NN
dull	JJ
.	.

Flux	NN
and	CC
Flagger	NN
deploy	VB
apps	NNS
with	IN

registries	NNS
,	,
and	CC
all	DT
CI	NNP
workflow	NN
providers	NNS
.	.

assessments	NNS
,	,
alerting	NN
to	TO
external	JJ
systems	NNS
and	CC
external	JJ
events	NNS

If	IN
you	PRP
like	IN
what	WP
you	PRP
read	NN
and	CC
would	MD
like	VB
to	TO
get	NN
involved	JJ
,	,
here	RB
are	VBP
a	DT
few	JJ
good	JJ
ways	NNS
to	TO
do	VB
that	DT
:	:

We	PRP
are	VBP
looking	VBG
forward	RB
to	TO
working	JJ
with	IN
you	PRP
.	.

Open	NNP
an	DT
issue	NN
or	CC
pull	NN
request	NN

Automatically	RB
generated	VBD
directories	NNS
for	CC
individual	JJ
Tasty	JJ
tests	NNS

If	IN
everything	NN
goes	NNS
on	IN
one	CD
line	NN
you	PRP
write	VB

Generic	JJ
programming	NN
should	MD
be	VB
based	VBN
on	IN
representational	JJ
equality	NN
.	.

Parametrized	VBD
unit	JJ
tests	NNS
in	IN
Haskell	NNP

There	EX
is	VBZ
a	DT
fourth	JJ
class	NN
,	,

Package	JJ
of	IN
the	DT
week	NN

in	IN
St	NNP
.	.
Louis	NNP
,	,
Missouri	JJ
,	,
United	NNP
States	NNPS

in	IN
Montreal	NNP
,	,
Quebec	NNP
,	,
Canada	NNP

is	VBZ
not	RB
synchronous	JJ
as	IN
the	DT
docs	NNS
suggest	VB
,	,
a	DT
regression	NN
introduced	VBD
in	IN
1	CD
.	.
0	CD
.	.
2	CD
,	,
see	NN

flag	NN
is	VBZ
no	DT
longer	NN
used	JJ
when	WRB
installing	NN
Flux	NN
.	.

If	IN
you	PRP
have	VB
been	VBN
watching	VBG

The	DT
Flagger	NN
move	NN
is	VBZ
happening	VBG

to	TO
encompass	VB
Flagger	NN
Progressive	JJ
Delivery	NN
capabilities	NNS
.	.

Just	NNP
a	DT
heads-up	JJ
:	:
we	PRP
have	VB
been	VBN
cleaning	VBG
up	IN
some	DT
of	IN
our	PRP$
example	NN
repositories	NNS
.	.

Be	NNP
sure	JJ
to	TO
check	VB
them	PRP
out	IN
!	!

For	NNP
a	DT
container	NN
image	NN
you	PRP
can	MD
configure	VB
Flux	NN
to	TO
:	:

all	DT
deployments	NNS
in	IN
Git	NN
history	NN
.	.

There	EX
is	VBZ
so	RB
much	DT
to	TO
think	VB
about	IN
with	IN
regard	NN
to	TO
cluster	NN
runtime	JJ

You	PRP
will	MD
learn	VB
how	WRB
to	TO
use	NN
quality	JJ
OSS	NNP
ingredients	NNS
like	IN
Flux	NN
and	CC
Falco	NNP

If	IN
you	PRP
like	IN
what	WP
you	PRP
read	NN
and	CC
would	MD
like	VB
to	TO
get	NN
involved	JJ
,	,
here	RB
are	VBP
a	DT
few	JJ
good	JJ
ways	NNS
to	TO
do	VB
that	DT
:	:

As	IN
the	DT
Flux	NN
family	NN
of	IN
projects	NNS
and	CC
its	PRP$
communities	NNS
are	VBP
growing	VBG
,	,
we	PRP
strive	VBP
to	TO
inform	VB
you	PRP
each	DT
month	NN
about	IN
what	WP
has	VBZ
already	JJ
landed	VBN
,	,
new	JJ
possibilities	NNS
which	WP
are	VBP
available	JJ
for	CC
integration	NN
,	,
and	CC
where	WRB
you	PRP
can	MD
get	VB
involved	JJ
.	.

We	PRP
gave	VBD
you	PRP
a	DT

Please	RB
refer	VB
to	TO
the	DT
announcement	NN
blog	NN
post	NN
to	TO
learn	VB
how	WRB
to	TO
update	VB
your	PRP$
cluster	NN
to	TO
work	JJ
well	RB
with	IN
it	PRP
!	!

Also	NNP
note	NN
the	DT
new	JJ
support	NN
for	CC

We	PRP
are	VBP
blessed	VBN
and	CC
fortunate	JJ
to	TO
have	VB
our	PRP$
own	JJ
progressive	NN
delivery	NN
solution	NN
within	IN
the	DT
Flux	NN
project	NN
.	.

the	DT
demo	NN
is	VBZ
that	DT
it	PRP
will	MD
use	VB
only	JJ
the	DT
Web	NNP
UI	NN
of	IN
OpenShift	NNP
to	TO

Tested	JJ
on	IN
OpenShift	NNP
4	CD
.	.
8	CD
.	.

When	WRB
we	PRP
learned	VBD
that	DT

Thank	VB
you	PRP
for	CC
the	DT
warm	JJ
welcome	NN
.	.
"	"

These	DT
will	MD
be	VB
part	JJ
of	IN
the	DT
forthcoming	JJ
videos	NNS
!	!

Here	NNP
is	VBZ
an	DT
update	NN
from	IN
Kingdon	NNP
and	CC
the	DT
rest	NN
of	IN
the	DT
Flux	NN
team	JJ
:	:

first	JJ
week	NN
of	IN
November	NNP
,	,
and	CC
should	MD
begin	VB
holding	JJ
Bug	NNP
Scrub	JJ
activities	NNS

issues	NNS
that	DT
are	VBP
being	VBG
raised	VBN
by	IN
community	NN
members	NNS
and	CC
find	NN
out	IN
more	RBR

link	NN
and	CC
is	VBZ
in	IN
UTC	NNP
time	NN
,	,
or	CC
get	NN
reminded	VBD
in	IN
your	PRP$
own	JJ
time	JJ
zone	NN
by	IN

News	NN
from	IN
the	DT
Website	NNP
and	CC
our	PRP$
Docs	NNS

And	CC
if	IN
you	PRP
are	VBP
completely	RB
new	JJ
to	TO
Flux	NN
,	,
take	NN
a	DT
look	NN
at	IN
our	PRP$

Flux	NN
can	MD
also	RB
manage	VB

work	JJ
out	IN
of	IN
the	DT
box	NN
with	IN
Cluster	NN
API	NNP
:	:
Flux	NN
can	MD
use	VB
one	CD
Kubernetes	NNP

Just	NNP
"	"
git	NN
push	NN
"	"
,	,
and	CC
get	NN
notified	VBD
on	IN
Slack	NNP
and	CC

last	JJ
month	NN
update	NN
here	RB

can	MD
even	RB
push	NN
back	JJ
to	TO
Git	NN
for	CC
you	PRP
with	IN
automated	VBD
container	NN
image	NN

up	IN
additional	JJ
clusters	NNS
themselves	PRP
,	,
and	CC
manage	VB
clusters	NNS
including	VBG

This	DT
section	NN
has	VBZ
made	VBN
it	PRP
onto	IN
the	DT
landing	NN
page	NN
of	IN

Flux	NN
garbage	NN
collector	NN
has	VBZ
been	VBN
improved	VBN
to	TO
work	NN
nicely	RB
with	IN
other	JJ

and	CC
Matrix	NN
in	IN
addition	NN
to	TO

For	NNP
more	JJR
details	NNS
see	VBP
the	DT

We	PRP
are	VBP
excited	VBN
to	TO
tell	VB
you	PRP
that	DT

Flux	NN
on	IN
OpenShift	NNP
Features	NNS

We	PRP
aim	VBP
to	TO
get	NN
more	JJR
exposure	NN
to	TO
the	DT
greatest	JJS
possible	JJ
number	NN
of	IN
open	JJ
issues	NNS
and	CC
set	NN
some	DT
time	JJ
aside	JJ
for	CC
story	NN
telling	JJ
.	.

Take	NN
your	PRP$
opportunity	NN
to	TO
participate	VB
and	CC
help	VB
build	NN
our	PRP$
community	NN
.	.

is	VBZ
now	CC
more	RBR
accessible	JJ
than	IN
ever	JJ
before	IN
.	.

and	CC
meeting	NN
us	PRP
for	CC
Bug	NNP
Scrub	JJ
.	.

in	IN
the	DT
past	IN
,	,
you	PRP
will	MD
continue	VB
to	TO
receive	VB
all	PDT
the	DT
information	NN
there	RB
.	.

People	NN
writing	NN
about	IN
Flux	NN

Check	JJ
out	IN
the	DT
full	JJ
article	NN
here	RB
:	:

We	PRP
are	VBP
looking	VBG
forward	RB
to	TO
working	JJ
with	IN
you	PRP
.	.

The	DT
tool	NN
scans	VBZ
the	DT
project	NN
directory	NN
.	.

The	DT
scanner	NN
scans	VBZ
every	DT
file	NN
in	IN
the	DT
folder	NN
.	.

Results	NNS
stream	VBP
in	RP
as	IN
they	PRP
are	VBP
found	VBN
.	.

The	DT
client	NN
streams	VBZ
data	NN
to	TO
the	DT
server	NN
.	.

The	DT
pipeline	NN
streams	VBZ
logs	NNS
to	TO
the	DT
console	NN
.	.

You	PRP
can	MD
run	VB
the	DT
tests	NNS
locally	RB
.	.

Run	VB
the	DT
scanner	NN
first	RB
.	.

The	DT
team	NN
runs	VBZ
the	DT
build	NN
every	DT
night	NN
.	.

The	DT
build	NN
runs	VBZ
the	DT
full	JJ
suite	NN
.	.

Please	RB
build	VB
the	DT
project	NN
before	IN
testing	VBG
.	.

The	DT
script	NN
builds	VBZ
a	DT
new	JJ
binary	NN
.	.

We	PRP
build	VBP
the	DT
image	NN
from	IN
the	DT
Dockerfile	NNP
.	.

The	DT
suite	NN
tests	VBZ
every	DT
module	NN
in	IN
isolation	NN
.	.

Test	VB
the	DT
code	NN
before	IN
you	PRP
merge	VBP
it	PRP
.	.

The	DT
team	NN
tests	VBZ
each	DT
change	NN
carefully	RB
.	.

Search	VB
the	DT
index	NN
for	IN
a	DT
matching	JJ
key	NN
.	.

The	DT
engine	NN
searches	VBZ
the	DT
whole	JJ
corpus	NN
.	.

It	PRP
searches	VBZ
quickly	RB
through	IN
large	JJ
files	NNS
.	.

Check	VB
the	DT
output	NN
for	IN
errors	NNS
.	.

The	DT
tool	NN
checks	VBZ
every	DT
file	NN
for	IN
syntax	NN
errors	NNS
.	.

We	PRP
check	VBP
the	DT
logs	NNS
after	IN
each	DT
run	NN
.	.

Log	VB
the	DT
request	NN
before	IN
you	PRP
respond	VBP
.	.

The	DT
server	NN
logs	VBZ
every	DT
request	NN
it	PRP
receives	VBZ
.	.

It	PRP
logs	VBZ
a	DT
warning	NN
when	WRB
the	DT
cache	NN
misses	VBZ
.	.

List	VB
the	DT
available	JJ
options	NNS
.	.

The	DT
command	NN
lists	VBZ
every	DT
active	JJ
process	NN
.	.

It	PRP
lists	VBZ
all	DT
files	NNS
in	IN
the	DT
current	JJ
directory	NN
.	.

Match	VB
the	DT
pattern	NN
against	IN
the	DT
input	NN
.	.

The	DT
regex	NN
matches	VBZ
any	DT
digit	NN
sequence	NN
.	.

It	PRP
matches	VBZ
the	DT
prefix	NN
exactly	RB
.	.

Access	VB
the	DT
settings	NNS
from	IN
the	DT
menu	NN
.	.

The	DT
service	NN
accesses	VBZ
the	DT
database	NN
directly	RB
.	.

Users	NNS
access	VBP
the	DT
API	NNP
through	IN
a	DT
token	NN
.	.

Update	VB
the	DT
configuration	NN
file	NN
.	.

The	DT
script	NN
updates	VBZ
the	DT
record	NN
automatically	RB
.	.

It	PRP
updates	VBZ
the	DT
cache	NN
every	DT
minute	NN
.	.

Filter	VB
the	DT
results	NNS
by	IN
date	NN
.	.

The	DT
query	NN
filters	VBZ
out	RP
duplicate	JJ
rows	NNS
.	.

It	PRP
filters	VBZ
the	DT
stream	NN
before	IN
writing	VBG
it	PRP
.	.

Sort	VB
the	DT
list	NN
alphabetically	RB
.	.

The	DT
function	NN
sorts	VBZ
the	DT
array	NN
in	IN
place	NN
.	.

It	PRP
sorts	VBZ
entries	NNS
by	IN
timestamp	NN
.	.

Queue	VB
the	DT
job	NN
for	IN
later	JJ
processing	NN
.	.

The	DT
scheduler	NN
queues	VBZ
each	DT
task	NN
in	IN
order	NN
.	.

It	PRP
queues	VBZ
requests	NNS
when	WRB
the	DT
server	NN
is	VBZ
busy	JJ
.	.

Cache	VB
the	DT
response	NN
for	IN
faster	JJR
access	NN
.	.

The	DT
proxy	NN
caches	VBZ
every	DT
static	JJ
asset	NN
.	.

It	PRP
caches	VBZ
results	NNS
between	IN
runs	NNS
.	.

Process	VB
the	DT
file	NN
line	RB
by	IN
line	NN
.	.

The	DT
worker	NN
processes	VBZ
each	DT
item	NN
in	IN
the	DT
queue	NN
.	.

It	PRP
processes	VBZ
requests	NNS
asynchronously	RB
.	.

Call	VB
the	DT
function	NN
with	IN
two	CD
arguments	NNS
.	.

The	DT
handler	NN
calls	VBZ
the	DT
callback	NN
on	IN
success	NN
.	.

It	PRP
calls	VBZ
the	DT
API	NNP
once	RB
per	IN
session	NN
.	.

Print	VB
the	DT
result	NN
to	TO
standard	JJ
output	NN
.	.

The	DT
program	NN
prints	VBZ
a	DT
summary	NN
at	IN
the	DT
end	NN
.	.

It	PRP
prints	VBZ
each	DT
error	NN
to	TO
stderr	NN
.	.

Type	VB
the	DT
command	NN
exactly	RB
as	IN
shown	VBN
.	.

The	DT
compiler	NN
infers	VBZ
the	DT
type	NN
automatically	RB
.	.

It	PRP
types	VBZ
the	DT
variable	NN
as	IN
an	DT
integer	NN
.	.

Deploy	VB
the	DT
service	NN
to	TO
production	NN
.	.

The	DT
pipeline	NN
deploys	VBZ
the	DT
new	JJ
release	NN
.	.

It	PRP
deploys	VBZ
automatically	RB
after	IN
every	DT
merge	NN
.	.

Parse	VB
the	DT
input	NN
before	IN
validating	VBG
it	PRP
.	.

The	DT
parser	NN
parses	VBZ
the	DT
file	NN
into	IN
tokens	NNS
.	.

It	PRP
parses	VBZ
each	DT
line	NN
separately	RB
.	.

Load	VB
the	DT
configuration	NN
at	IN
startup	NN
.	.

The	DT
module	NN
loads	VBZ
the	DT
plugin	NN
dynamically	RB
.	.

It	PRP
loads	VBZ
the	DT
file	NN
into	IN
memory	NN
.	.

Save	VB
the	DT
file	NN
before	IN
closing	VBG
the	DT
editor	NN
.	.

The	DT
editor	NN
saves	VBZ
a	DT
backup	NN
automatically	RB
.	.

It	PRP
saves	VBZ
the	DT
state	NN
to	TO
disk	NN
.	.

Fetch	VB
the	DT
latest	JJS
changes	NNS
from	IN
the	DT
remote	NN
.	.

The	DT
client	NN
fetches	VBZ
data	NN
from	IN
the	DT
API	NNP
.	.

It	PRP
fetches	VBZ
the	DT
page	NN
in	IN
the	DT
background	NN
.	.

Trace	VB
the	DT
request	NN
through	IN
every	DT
service	NN
.	.

The	DT
profiler	NN
traces	VBZ
each	DT
function	NN
call	NN
.	.

It	PRP
traces	VBZ
the	DT
error	NN
back	RB
to	TO
its	PRP$
source	NN
.	.

Validates	VBZ
input	NN

Tracks	VBZ
usage	NN

Supports	VBZ
exports	NNS

Handles	VBZ
imports	NNS

Provides	VBZ
backups	NNS

Manages	VBZ
sessions	NNS

Includes	VBZ
examples	NNS

Offers	VBZ
discounts	NNS

Enables	VBZ
logging	NN

Allows	VBZ
customization	NN

Requires	VBZ
authentication	NN

Generates	VBZ
reports	NNS

Creates	VBZ
backups	NNS

Removes	VBZ
duplicates	NNS

Updates	VBZ
dependencies	NNS

Configures	VBZ
endpoints	NNS

Installs	VBZ
dependencies	NNS

Displays	VBZ
warnings	NNS

Renders	VBZ
templates	NNS

Stores	VBZ
credentials	NNS

Retrieves	VBZ
metadata	NN

Sends	VBZ
notifications	NNS

Receives	VBZ
updates	NNS

Monitors	VBZ
performance	NN

Reports	VBZ
errors	NNS

Detects	VBZ
conflicts	NNS

Prevents	VBZ
duplicates	NNS

Blocks	VBZ
requests	NNS

Ensures	VBZ
consistency	NN

Verifies	VBZ
signatures	NNS

Confirms	VBZ
delivery	NN

Extracts	VBZ
metadata	NN

Compresses	VBZ
files	NNS

Encrypts	VBZ
payloads	NNS

Decrypts	VBZ
messages	NNS

Formats	VBZ
output	NN

Parses	VBZ
arguments	NNS

Loads	VBZ
modules	NNS

Saves	VBZ
progress	NN

Exports	VBZ
results	NNS

Imports	VBZ
settings	NNS

Restores	VBZ
backups	NNS

Syncs	VBZ
files	NNS

Schedules	VBZ
jobs	NNS

Triggers	VBZ
alerts	NNS

Notifies	VBZ
subscribers	NNS

Measures	VBZ
latency	NN

Calculates	VBZ
totals	NNS

Computes	VBZ
checksums	NNS

Transforms	VBZ
data	NN

Converts	VBZ
formats	NNS

Merges	VBZ
branches	NNS

Splits	VBZ
files	NNS

Groups	VBZ
items	NNS

Joins	VBZ
tables	NNS

Locates	VBZ
files	NNS

Solves	VBZ
conflicts	NNS

Applies	VBZ
patches	NNS

Skips	VBZ
tests	NNS

Wraps	VBZ
errors	NNS

Ignores	VBZ
warnings	NNS

Overall	RB
,	,
the	DT
kit	NN
still	RB
includes	VBZ
the	DT
screws	NNS
.	.

Overall	RB
,	,
check	VB
the	DT
roadmap	NN
for	IN
what	WP
comes	VBZ
next	RB
.	.

Overall	RB
,	,
the	DT
update	NN
broke	VBD
the	DT
server	NN
.	.

However	RB
,	,
the	DT
vendor	NN
never	RB
honored	VBD
the	DT
refunds	NNS
.	.

Additionally	RB
,	,
the	DT
team	NN
merged	VBD
the	DT
branch	NN
.	.

Finally	RB
,	,
the	DT
script	NN
ran	VBD
successfully	RB
.	.

Meanwhile	RB
,	,
the	DT
client	NN
retried	VBD
the	DT
request	NN
.	.

Therefore	RB
,	,
the	DT
build	NN
failed	VBD
.	.

Furthermore	RB
,	,
the	DT
patch	NN
fixed	VBD
the	DT
bug	NN
.	.

The	DT
kit	NN
includes	VBZ
screws	NNS
,	,
bolts	NNS
,	,
and	CC
washers	NNS
.	.

The	DT
toolbox	NN
includes	VBZ
screws	NNS
and	CC
bolts	NNS
.	.

The	DT
team	NN
shipped	VBD
the	DT
release	NN
,	,
allowing	VBG
customers	NNS
to	TO
upgrade	VB
early	RB
.	.

The	DT
crew	NN
replaced	VBD
the	DT
sensor	NN
,	,
avoiding	VBG
a	DT
longer	JJR
outage	NN
window	NN
.	.

The	DT
outage	NN
lasted	VBD
six	CD
hours	NNS
,	,
exposing	VBG
a	DT
single	JJ
point	NN
of	IN
failure	NN
in	IN
the	DT
primary	JJ
data	NN
center	NN
's	POS
power	NN
supply	NN
.	.

The	DT
patch	NN
exposes	VBZ
a	DT
flaw	NN
in	IN
the	DT
primary	JJ
storage	NN
layer	NN
.	.

Customers	NNS
upgrade	VBP
to	TO
the	DT
new	JJ
plan	NN
every	DT
year	NN
.	.

Customers	NNS
upgraded	VBD
within	IN
days	NNS
.	.

The	DT
service	NN
upgrades	VBZ
automatically	RB
.	.

We	PRP
plan	VBP
to	TO
upgrade	VB
the	DT
server	NN
soon	RB
.	.

The	DT
service	NN
handles	VBZ
retries	NNS
automatically	RB
,	,
removing	VBG
manual	JJ
cleanup	NN
steps	NNS
.	.

The	DT
library	NN
validates	VBZ
input	NN
up	RP
front	RB
.	.

It	PRP
rejects	VBZ
malformed	JJ
requests	NNS
immediately	RB
.	.

To	TO
summarize	VB
,	,
the	DT
library	NN
validates	VBZ
input	NN
and	CC
checks	VBZ
requests	NNS
carefully	RB
.	.

The	DT
tool	NN
checks	VBZ
requests	NNS
carefully	RB
before	IN
forwarding	VBG
them	PRP
.	.

The	DT
primary	JJ
data	NN
center	NN
provides	VBZ
backup	NN
power	NN
.	.

The	DT
power	NN
supply	NN
failed	VBD
overnight	RB
.	.

Ultimately	RB
,	,
the	DT
team	NN
shipped	VBD
the	DT
release	NN
that	WDT
customers	NNS
upgraded	VBD
within	IN
days	NNS
.	.

The	DT
tool	NN
validates	VBZ
the	DT
config	NN
that	WDT
users	NNS
provided	VBD
.	.

The	DT
patch	NN
fixed	VBD
the	DT
bug	NN
that	WDT
testers	NNS
reported	VBD
.	.
Auth	NN
checks	NNS

Rate	NN
limits	NNS

Error	NN
codes	NNS

Data	NN
types	NNS

User	NN
accounts	NNS

Access	NN
tokens	NNS

Cache	NN
entries	NNS

Log	NN
files	NNS

Config	NN
options	NNS

Debug	NN
mode	NN

Session	NN
tokens	NNS

Retry	NN
limits	NNS

Memory	NN
usage	NN

Network	NN
latency	NN

Disk	NN
space	NN
The	DT
tool	NN
performs	VBZ
a	DT
basic	JJ
scan	NN
of	IN
the	DT
directory	NN
.	.

This	DT
guide	NN
will	MD
walk	VB
you	PRP
through	IN
installing	VBG
the	DT
tool	NN
,	,
performing	VBG
a	DT
basic	JJ
scan	NN
,	,
and	CC
previewing	VBG
matches	NNS
before	IN
making	VBG
any	DT
deletions	NNS
.	.

Run	VB
a	DT
basic	JJ
test	NN
before	IN
deploying	VBG
.	.

The	DT
basic	JJ
configuration	NN
works	VBZ
for	IN
most	JJS
cases	NNS
.	.
Validates	VBZ
input	NN

Tracks	VBZ
usage	NN

Supports	VBZ
exports	NNS

Handles	VBZ
imports	NNS

Provides	VBZ
backups	NNS

Manages	VBZ
sessions	NNS

Includes	VBZ
examples	NNS

Offers	VBZ
discounts	NNS

Enables	VBZ
logging	NN

Allows	VBZ
customization	NN

Requires	VBZ
authentication	NN

Generates	VBZ
reports	NNS

Creates	VBZ
backups	NNS

Removes	VBZ
duplicates	NNS

Updates	VBZ
dependencies	NNS

Configures	VBZ
endpoints	NNS

Installs	VBZ
dependencies	NNS

Displays	VBZ
warnings	NNS

Renders	VBZ
templates	NNS

Stores	VBZ
credentials	NNS

Retrieves	VBZ
metadata	NN

Sends	VBZ
notifications	NNS

Receives	VBZ
updates	NNS

Monitors	VBZ
performance	NN

Reports	VBZ
errors	NNS

Detects	VBZ
conflicts	NNS

Prevents	VBZ
duplicates	NNS

Blocks	VBZ
requests	NNS

Ensures	VBZ
consistency	NN

Verifies	VBZ
signatures	NNS

Confirms	VBZ
delivery	NN

Extracts	VBZ
metadata	NN

Compresses	VBZ
files	NNS

Encrypts	VBZ
payloads	NNS

Decrypts	VBZ
messages	NNS

Formats	VBZ
output	NN

Parses	VBZ
arguments	NNS

Loads	VBZ
modules	NNS

Saves	VBZ
progress	NN

Exports	VBZ
results	NNS

Imports	VBZ
settings	NNS

Restores	VBZ
backups	NNS

Syncs	VBZ
files	NNS

Schedules	VBZ
jobs	NNS

Triggers	VBZ
alerts	NNS

Notifies	VBZ
subscribers	NNS

Measures	VBZ
latency	NN

Calculates	VBZ
totals	NNS

Computes	VBZ
checksums	NNS

Transforms	VBZ
data	NN

Converts	VBZ
formats	NNS

Merges	VBZ
branches	NNS

Splits	VBZ
files	NNS

Groups	VBZ
items	NNS

Joins	VBZ
tables	NNS

Locates	VBZ
files	NNS

Solves	VBZ
conflicts	NNS

Applies	VBZ
patches	NNS

Skips	VBZ
tests	NNS

Wraps	VBZ
errors	NNS

Ignores	VBZ
warnings	NNS
Validates	VBZ
input	NN

Tracks	VBZ
usage	NN

Supports	VBZ
exports	NNS

Handles	VBZ
imports	NNS

Provides	VBZ
backups	NNS

Manages	VBZ
sessions	NNS

Includes	VBZ
examples	NNS

Offers	VBZ
discounts	NNS

Enables	VBZ
logging	NN

Allows	VBZ
customization	NN

Requires	VBZ
authentication	NN

Generates	VBZ
reports	NNS

Creates	VBZ
backups	NNS

Removes	VBZ
duplicates	NNS

Updates	VBZ
dependencies	NNS

Configures	VBZ
endpoints	NNS

Installs	VBZ
dependencies	NNS

Displays	VBZ
warnings	NNS

Renders	VBZ
templates	NNS

Stores	VBZ
credentials	NNS

Retrieves	VBZ
metadata	NN

Sends	VBZ
notifications	NNS

Receives	VBZ
updates	NNS

Monitors	VBZ
performance	NN

Reports	VBZ
errors	NNS

Detects	VBZ
conflicts	NNS

Prevents	VBZ
duplicates	NNS

Blocks	VBZ
requests	NNS

Ensures	VBZ
consistency	NN

Verifies	VBZ
signatures	NNS

Confirms	VBZ
delivery	NN

Extracts	VBZ
metadata	NN

Compresses	VBZ
files	NNS

Encrypts	VBZ
payloads	NNS

Decrypts	VBZ
messages	NNS

Formats	VBZ
output	NN

Parses	VBZ
arguments	NNS

Loads	VBZ
modules	NNS

Saves	VBZ
progress	NN

Exports	VBZ
results	NNS

Imports	VBZ
settings	NNS

Restores	VBZ
backups	NNS

Syncs	VBZ
files	NNS

Schedules	VBZ
jobs	NNS

Triggers	VBZ
alerts	NNS

Notifies	VBZ
subscribers	NNS

Measures	VBZ
latency	NN

Calculates	VBZ
totals	NNS

Computes	VBZ
checksums	NNS

Transforms	VBZ
data	NN

Converts	VBZ
formats	NNS

Merges	VBZ
branches	NNS

Splits	VBZ
files	NNS

Groups	VBZ
items	NNS

Joins	VBZ
tables	NNS

Locates	VBZ
files	NNS

Solves	VBZ
conflicts	NNS

Applies	VBZ
patches	NNS

Skips	VBZ
tests	NNS

Wraps	VBZ
errors	NNS

Ignores	VBZ
warnings	NNS
The	DT
kit	NN
still	RB
includes	VBZ
screws	NNS
.	.

It	PRP
still	RB
works	VBZ
correctly	RB
.	.

The	DT
server	NN
still	RB
responds	VBZ
to	TO
requests	NNS
.	.

We	PRP
still	RB
need	VBP
to	TO
review	VB
the	DT
changes	NNS
.	.
Runs	VBZ
on	IN
Kubernetes	NNP

Ships	VBZ
fast	RB

Builds	VBZ
on	IN
Linux	NNP

Works	VBZ
offline	RB

Scales	VBZ
horizontally	RB

Deploys	VBZ
quickly	RB

Integrates	VBZ
with	IN
Docker	NNP

Runs	VBZ
locally	RB
